doy,temp_max_clim,temp_min_clim,dtr_clim,dtr_clearsky,et0_clim,p_wet_clim,amount_clim,outflow_clim
1,18.932042444448832,13.065148578034382,5.8668938664144585,9.89133989523923,,0.2881693427975944,11.882560504261313,483601.4121899155
2,18.8632879955402,12.980265700417489,5.883022295122721,9.907468323947493,,0.2894152622013445,11.881118199536726,487600.006591943
3,18.798399714098156,12.898411890345361,5.8999878237528085,9.924433852577579,,0.2905615648075972,11.876005831815016,491561.9659964969
4,18.737389502056583,12.819623360096742,5.917766141959854,9.942212170784625,,0.29160808201823935,11.867264511411312,495482.98229853413
5,18.680266745315198,12.743933332391075,5.936333412924138,9.96077944174891,,0.2925547552755704,11.854941296533845,499358.6986370521
6,18.62703834769498,12.671372006953096,5.955666340741892,9.980112369566664,,0.29340163478344117,11.839089097342006,503184.7175322962
7,18.57770876727976,12.60196653287518,5.975742234404592,10.000188263229363,,0.2941488780380229,11.81976656569079,506956.6092085852
8,18.532280055017118,12.535740986832963,5.996539068184168,10.02098509700894,,0.29479674817319684,11.797037970802744,510669.9200835182
9,18.490751895448973,12.472716357195777,6.018035538253204,10.042481567077976,,0.29534561212595706,11.770973061145773,514320.181403824
10,18.453121649440437,12.412910534059286,6.040211115381161,10.064657144205933,,0.29579593862760545,11.74164691283131,517902.91800765606
11,18.41938439877356,12.35633830521332,6.063046093560252,10.087492122385024,,0.2961482960268848,11.709139764882986,521413.65719273366
12,18.389532992471196,12.303011358043776,6.086521634427433,10.110967663252204,,0.2964033499515507,11.673536841760484,524847.9376693768
13,18.36355809471526,12.252938287353036,6.110619807362235,10.135065836187007,,0.2965618608152138,11.634928163557142,528201.3185771824
14,18.341448234223,12.206124609069194,6.135323625153818,10.15976965397859,,0.2966246811766018,11.593408344322324,531469.3885438443
15,18.32318985494455,12.162572779800186,6.160617075144377,10.185063103969147,,0.29659275295868465,11.549076378991321,534647.7747644299
16,18.308767367945144,12.122282222174867,6.186485145770291,10.210931174595062,,0.2964671045353816,11.502035419435671,537732.1520792858
17,18.298163204335825,12.085249355899222,6.212913848436613,10.237359877261385,,0.29624884769382376,11.452392540175891,540718.252028671
18,18.291357869117252,12.051467634442142,6.23989023467512,10.264336263499892,,0.29593917448037904,11.400258494326254,543601.8718621852
19,18.288329995802297,12.020927587251693,6.267402408550617,10.29184843737539,,0.2955393539388574,11.345747460367361,546378.8834810967
20,18.289056401684768,11.993616867389706,6.295439534295071,10.319885563119843,,0.29505072874950156,11.288976780366989,549045.242291759
21,18.293512143623097,11.96952030445935,6.323991839163761,10.348437867988531,,0.29447471177753687,11.230066690292661,551596.9959484498
22,18.30167057421039,11.948619962687953,6.353050611522446,10.377496640347218,,0.2938127825401946,11.16914004308098,554030.2929641651
23,18.31350339820426,11.930895204014954,6.382608194189318,10.40705422301409,,0.2930664836012437,11.106322025148257,556341.3911681566
24,18.328980729093,11.916322756022987,6.412657973070024,10.437104001894795,,0.2922374169021607,11.041739867045129,558526.6659893078
25,18.348071145677384,11.90487678453873,6.443194361138666,10.467640389963437,,0.2913272400391412,10.975522548973835,560582.6185448106
26,18.37074174855101,11.896528970719023,6.474212777831996,10.498658806656767,,0.29033766249520293,10.90780050190121,562505.8835140154
27,18.39695821636547,11.891248592427342,6.50570962393814,10.530155652762911,,0.28927044183665535,10.838705305012834,564293.2367778019
28,18.426684861770692,11.889002609695545,6.537682252075163,10.562128280899934,,0.28812737988321185,10.768369380264174,565941.6028043323
29,18.459884686924745,11.889755754056456,6.570128932868305,10.594574961693075,,0.28691031886099694,10.696925684793163,567448.061762618
30,18.49651943847189,11.893470621523761,6.6030488169481405,10.627494845772912,,0.285621137547654,10.624507401965136,568809.8563459521
31,18.53654966189204,11.900107768987334,6.636441892904718,10.66088792172949,,0.28426174741868937,10.551247631825564,570024.3982879191
32,18.579934755129802,11.90962581378441,6.670308941345405,10.694754970170177,,0.2828340888040959,10.477279081738601,571089.2745544028
33,18.626633021415934,11.921981536199732,6.7046514852162105,10.729097514040982,,0.28134012706418227,10.402733757989921,572002.2531957687
34,18.676601721199276,11.937129984641304,6.739471736557986,10.763917765382757,,0.2797818487933973,10.327742659130774,572761.2888441897
35,18.729797123112633,11.955024583232506,6.774772539880138,10.79921856870491,,0.27816125806077885,10.252435471836744,573364.5278419125
36,18.78617455390111,11.975617241556094,6.810557312345025,10.835003341169795,,0.2764803726954743,10.17694027004899,573810.312987141
37,18.845688447247277,11.998858466280982,6.846829980966312,10.871276009791085,,0.27474122062557876,10.101383218158361,574097.1878851103
38,18.908292391432965,12.024697474398945,6.883594917034035,10.908040945858806,,0.27294583627831515,10.025888278983096,574223.9008928698
39,18.973939175783087,12.053082307795167,6.920856867987934,10.945302896812706,,0.2710962570493403,9.950576927279416,574189.408647258
40,19.04258083584294,12.083959948874028,6.958620886968926,10.983066915793698,,0.2691945198486961,9.87556786951084,573992.8791665516
41,19.11416869724589,12.117276436959882,6.99689226028602,11.02133828911079,,0.2672426577306531,9.800976770586814,573633.6945172945
42,19.188653418234402,12.152976985191467,7.035676433042951,11.060122461867723,,0.26524269661439515,9.726915988263961,573111.4530388513
43,19.265985030803137,12.191006097628263,7.074978933174882,11.099424961999654,,0.2631966521021823,9.653494315884373,572425.9711193058
44,19.34611298043861,12.23130768628757,7.114805294151051,11.139251322975822,,0.2611065264013036,9.580816734104577,571577.2845173997
45,19.428986164435834,12.273825187832022,7.15516097660383,11.179607005428602,,0.2589743053557902,9.508984172246349,570565.6492263055
46,19.514552968778023,12.31850167962932,7.196051289148718,11.220497317973491,,0.25680195559350444,9.438093279876458,569391.5418761427
47,19.60276130357113,12.365279994908269,7.237481308662873,11.261927337487643,,0.2545914217938529,9.368236209196692,568055.6596732573
48,19.6935586370307,12.414102836738474,7.279455800292244,11.303901829117015,,0.2523446240809949,9.299500408798359,566558.9198754169
49,19.786892028024077,12.464912890565078,7.321979137459009,11.34642516628378,,0.25006345554702736,9.231968429306681,564902.4588031968
50,19.882708157176072,12.517652935034324,7.365055222141762,11.389501250966534,,0.24774977990923153,9.165717741410578,563087.6303889627
51,19.980953356552174,12.572265950851131,7.4086874057010625,11.433133434525834,,0.24540542930505851,9.100820566741822,561116.004265985
52,20.08157363793776,12.62869522741566,7.452878410522108,11.477324439346878,,0.24303220222812003,9.037343722035155,558989.3634013343
53,20.184514719737308,12.686884466992504,7.497630252744816,11.522076281569587,,0.24063186160803118,8.97534847696706,556709.7012773288
54,20.28972205252237,12.746777886173135,7.542944166349246,11.567390195174017,,0.23820613303652902,8.91489042603629,554279.2186273964
55,20.397140843261298,12.808320314400135,7.58882052886118,11.61326655768595,,0.23575670314186353,8.856019374813432,551700.3197333121
56,20.50671607826879,12.871457289329966,7.635258788938836,11.659704817763608,,0.23328521811302988,8.798779240850244,548975.6082918351
57,20.61839254491702,12.936135148820014,7.68225739609702,11.706703424921791,,0.23079328237497856,8.7432079695022,546107.8828598232
58,20.73211485215446,13.0023011193349,7.729813732819573,11.754259761644343,,0.22828245741551245,8.689337464879543,543100.1318879375
59,20.847827449882097,13.069903400577141,7.777924049304966,11.802370078129737,,0.2257542607641489,8.637193536103734,539955.528354045
60,20.965474647240423,13.138891246157542,7.826583401082896,11.851029429907667,,0.22321016512279912,8.586795859006928,536677.4240084131
61,21.08500062986378,13.209215040131516,7.875785589732276,11.900231618557049,,0.2206515976476949,8.53815795337284,533269.3432437341
62,21.20634947616163,13.280826369238955,7.925523106922689,11.94996913574746,,0.21807993938157352,8.491287175777543,529734.9766039329
63,21.329465172689254,13.353678090696688,7.97578708199258,12.000233110817351,,0.21549652483471934,8.446184728048994,526078.1739465914
64,21.454291628672618,13.427724395404857,8.026567233267775,12.051013262092546,,0.21290264171305548,8.402845681324031,522302.9372746696
65,21.580772689754532,13.502920866440675,8.077851823313875,12.102297852138646,,0.2102995307910815,8.361259015641842,518413.413254004
66,21.70885215103108,13.579224532725801,8.129627618305294,12.154073647130065,,0.20768838592706357,8.321407674973061,514413.8854338323
67,21.83847376944883,13.656593917766457,8.181879851682385,12.206325880507157,,0.20507035421750697,8.28326863754426,510308.76618830895
68,21.969581275634827,13.73498908337852,8.234592192256319,12.25903822108109,,0.2024465362875711,8.246813001278428,506102.5883976547
69,22.102118385232192,13.814371668323167,8.287746716909039,12.31219274573381,,0.19981798671373477,8.212006084133376,501799.99688821175
70,22.236028809815046,13.8947049217922,8.341323888022856,12.365769916847627,,0.19718571457467474,8.178807539081955,497405.7396512558
71,22.37125626745676,13.97595373169574,8.39530253576104,12.419748564585811,,0.19455068412599413,8.147171483440433,492924.6588609479
72,22.507744493025758,14.058084647718646,8.449659845307128,12.474105874131899,,0.19191381559412213,8.11704664221475,488361.68171228765
73,22.645437248282803,14.141065899125964,8.504371349156852,12.528817377981623,,0.1892759860844102,8.08837650509856,483721.81110035814
74,22.784278331853358,14.2248674073112,8.559410924542174,12.583856953366945,,0.18663803059816625,8.061099496721978,479010.11616252543
75,22.924211589147678,14.309460793095214,8.614750796052482,12.639196824877253,,0.18400074315310522,8.035149159716152,474231.7227055762
76,23.065180922300332,14.39481937879712,8.670361543503226,12.694807572327997,,0.181364878001447,8.010454350126107,469391.8035400399
77,23.207130300199452,14.480918185112191,8.726212115087275,12.750658143912045,,0.17873115093966357,7.9869394446726165,464495.5687441514
78,23.35000376867438,14.567733922845251,8.782269845829143,12.806715874653914,,0.17610024070366856,7.964524559333822,459548.25588006375
79,23.49374546090847,14.655244979561363,8.83850048134712,12.862946510171891,,0.17347279044305028,7.943125778688291,454555.1201850112
80,23.638299608141583,14.743431401228765,8.89486820691283,12.919314235737602,,0.1708494092677816,7.922655395433924,449521.42476016696
81,23.783610550724447,14.832274868941818,8.951335681782647,12.975781710607418,,0.16823067386068696,7.9030221594711145,444452.4307799168
82,23.929622749584283,14.921758670824413,9.00786407875988,13.032310107584651,,0.16561713014881882,7.884131535914327,439353.38774419756
83,24.076280798158177,15.011867669226671,9.064413128931518,13.08885915775629,,0.16300929502678757,7.86588597137358,434229.5237964137
84,24.223529434847585,15.102588263339525,9.120941171508075,13.145387200332847,,0.16040765812500002,7.848185167826323,429086.0361292608
85,24.371313556043887,15.193908347363779,9.177405208680122,13.201851237504894,,0.1578126836156956,7.830926363381045,423928.0815005348
86,24.519578229771255,15.28581726438111,9.23376096539016,13.258206994214932,,0.15522481204962604,7.8140046192165675,418760.76688071113
87,24.66826870998953,15.378305756085554,9.289962953903991,13.314408982728763,,0.15264446221619957,7.79731311196542,413589.14025372063
88,24.817330451595556,15.471365908544287,9.34596454305128,13.370410571876052,,0.15007203301990768,7.780743430796064,408418.18159194145
89,24.966709126157454,15.564991094166446,9.401718031991019,13.42616406081579,,0.147507905365875,7.764185878437079,403252.7940259678
90,25.116350638411973,15.659175910068123,9.457174728343857,13.481620757168628,,0.14495244404741067,7.747529775376637,398097.79522920377
91,25.26620114355052,15.753916113030549,9.512285030519985,13.536731059344756,,0.142405999628502,7.730663766462834,392957.90903676767
92,25.416207065315117,15.849208551256824,9.566998514058303,13.591444542883075,,0.13986891031427506,7.713476129124772,387837.7573175883
93,25.566315114920492,15.945051093140329,9.621264021780178,13.645710050604949,,0.13734150380254792,7.695855082430477,382741.8521179104
94,25.716472310814193,16.04144255326507,9.675029757549137,13.699475786373908,,0.13482409910972665,7.677689096196089,377674.5880937334
95,25.866625999281347,16.13838261586493,9.728243383416428,13.7526894122412,,0.1323170083644367,7.6588671993611115,372640.23524895526
96,26.016723875895956,16.235871755974518,9.780852119921448,13.80529814874622,,0.12982053856244377,7.639279286846826,367642.9319952142
97,26.166714007815724,16.333911158509917,9.83280284930582,13.85724887813059,,0.12733499327660117,7.618816424119433,362686.67854859127
98,26.31654485691219,16.432502635522038,9.884042221390164,13.908488250214935,,0.12486067431575668,7.5973711486858795,357775.3306774787
99,26.466165303723127,16.531648541869476,9.934516761853661,13.958962790678433,,0.12239788332677008,7.574837767758662,352912.5938150156
100,26.615524672209098,16.63135168956105,9.98417298264806,14.008619011472833,,0.11994692333402694,7.551112651336416,348102.0175485739
101,26.76457275529105,16.73161526102082,10.03295749427024,14.057403523095012,,0.11750810021108074,7.526094519959281,343346.9904978059
102,26.913259841140828,16.832442721530455,10.080817119610385,14.105263148435155,,0.11508172407932336,7.499684726412365,338650.7355917872
103,27.061536740191812,16.933837731105076,10.127699009086752,14.152145037911522,,0.11266811062886056,7.471787530666668,334016.305754773
104,27.20935481283175,17.03580405605928,10.173550756772482,14.197996785597253,,0.11026758235706445,7.442310367364834,329446.5800090517
105,27.356665997735313,17.13834548052002,10.218320517215304,14.242766546040075,,0.10788046972057938,7.411164105178761,324944.2600023264
106,27.503422840789305,17.24146571814222,10.261957122647097,14.28640315147187,,0.10550711219687545,7.378263297387583,320511.86696598417
107,27.649578524558756,17.34516832428155,10.304410200277221,14.328856229101994,,0.10314785925177347,7.343526423047638,316151.7391095286
108,27.795086898237916,17.449456608876673,10.345630289361251,14.370076318186022,,0.10080307120970312,7.306876118150826,311866.02945535275
109,27.93990250802583,17.55433355029049,10.385568957735353,14.410014986560125,,0.09847312002380365,7.268239396193969,307656.704116929
110,28.083980627862214,17.659801710356287,10.424178917505943,14.448624946330714,,0.09615838994333231,7.227547857609601,303525.54102237604
111,28.227277290455334,17.765863150870878,10.461414139584463,14.485860168409234,,0.09385927807620825,7.184737887537773,299474.1290842577
112,28.369749318529994,17.872519351771782,10.497229966758226,14.521675995582997,,0.09157619484488652,7.139750841448912,295503.8678153465
113,28.511354356220284,17.979771131230134,10.531583224990165,14.556029253814936,,0.0893095643341322,7.0925332181595575,291615.9673889841
114,28.652050900528284,18.08761856788528,10.564432332643015,14.588878361467787,,0.08705982452963817,7.043036819815661,287811.4491415592
115,28.791798332767137,18.196060925440015,10.595737407327134,14.620183436151905,,0.08482742744681158,6.99121889845212,284091.1465135317
116,28.930556949903934,18.30509657982862,10.625460370075327,14.649906398900098,,0.08261283914943299,6.937042288772169,280455.70642434864
117,29.068287995715384,18.414722949161867,10.65356504655353,14.6780110753783,,0.08041653965827261,6.8804755268261,276905.5910755235
118,29.20495369166693,18.52493642664508,10.680017265021863,14.704463293846635,,0.07823902275012976,6.82149295430545,273441.0801751051
119,29.34051726742406,18.635732316656462,10.704784950767614,14.729230979592385,,0.07608079564813666,6.760074808206113,270062.27357572183
120,29.474942990902736,18.74710477416371,10.727838216739041,14.752284245563812,,0.07394237860454489,6.696207295651816,266769.09431738214
121,29.608196197764467,18.859046747647167,10.749149450117313,14.773595478942084,,0.0718243043775816,6.629882653707825,263561.2920652243
122,29.740243320260497,18.971549925687697,10.768693394572816,14.793139423397587,,0.06972711760432948,6.56109919405365,260438.4469314512
123,29.871051915328678,19.084604687366827,10.786447227961864,14.810893256786635,,0.06765137407194123,6.489861332422619,257399.97366975702
124,30.00059069184604,19.198200056615867,10.80239063523018,14.826836664054952,,0.0655976398898536,6.41617960275561,254445.12622965957
125,30.128829536939985,19.31232366063932,10.81650587630068,14.84095190512545,,0.06356649056600669,6.34007065605564,251573.00265728764
126,30.255739541261047,19.42696169252643,10.828777848734628,14.8532238775594,,0.06155850999040921,6.261557243969433,248782.55032835007
127,30.38129302312059,19.542098878152853,10.839194144967749,14.86364017379252,,0.0595742893297138,6.1806681871614995,246072.5714982287
128,30.505463551397675,19.657718447462138,10.847745103935548,14.872191132760321,,0.057614425836776985,6.097438328585244,243441.72915338917
129,30.628225967120176,19.773802110204585,10.854423856915602,14.878869885740373,,0.055679521579480515,6.011908471794537,240888.55314760646
130,30.749556403626887,19.89033003619839,10.859226367428509,14.88367239625328,,0.05377018209337427,5.924125304477464,238411.44660583913
131,30.869432305218833,20.007280840165368,10.862151465053477,14.886597493878249,,0.05188701496297624,5.834141307431863,236008.6925779789
132,30.987832444210188,20.124631571180753,10.863200873029447,14.887646901854218,,0.05003062833682032,5.742014649239469,233678.46092413558
133,31.104736936291477,20.242357706763734,10.862379229527754,14.886825258352525,,0.04820162938158628,5.647809066932002,231418.81541260253
134,31.220127254120303,20.36043315162233,10.859694102497992,14.884140131322763,,0.04640062268087181,5.551593732978248,229227.72101118462
135,31.33398623905804,20.478830241053544,10.855155998004507,14.879602026829279,,0.044628208584374295,5.453443108955942,227103.0513521544
136,31.44629811097386,20.597519748986652,10.848778361987218,14.87322439081199,,0.042884981513442506,5.353436786306104,225042.59635074463
137,31.55704847604137,20.71647090064464,10.840577575396743,14.865023604221514,,0.04117152822913019,5.251659314600129,223044.0699567708
138,31.666224332456576,20.835651389786157,10.830572942670427,14.855018971495198,,0.039488426069038844,5.148200017781554,221105.11801873217
139,31.773814074010346,20.955027400477753,10.818786673532601,14.843232702357373,,0.037836241159370954,5.043152798874627,219223.32623953008
140,31.879807491452716,21.074563633333536,10.80524385811919,14.829689886943962,,0.03621552660873169,4.936615933680858,217396.22820280556
141,31.98419577159109,21.194223336147413,10.789972435443685,14.814418464268456,,0.03462682069031114,4.828691854012171,215621.3134488013
142,32.086971494069175,21.313968338830794,10.77300315523839,14.797449184063161,,0.03307064501915573,4.719486921035482,213896.03557862493
143,32.18812862577878,21.43375909255706,10.754369533221729,14.778815562046502,,0.031547502731291345,4.609111189327967,212217.82036580527
144,32.2876625128617,21.553554713002516,10.734107799859196,14.758553828683967,,0.030057876671495252,4.497678162265246,210584.07385411172
145,32.38556987026468,21.673313027562507,10.712256842702189,14.736702871526962,,0.028602227596526027,4.385304539385984,208992.19042073737
146,32.48184876881599,21.792990626410482,10.688858142405524,14.713304171230295,,0.0271809924006146,4.272109956395926,207439.56078412847
147,32.57649861979819,21.91254291725751,10.663955702540695,14.688401731365467,,0.025794582369989282,4.158216718492181,205923.57993598428
148,32.66952015699766,22.031924183659598,10.637595973338074,14.662042002162844,,0.02444338147315869,4.043749527704501,204441.65497723932
149,32.76091541621778,22.15108764671082,10.609827769506968,14.634273798331739,,0.023127744693606147,3.928835204964431,202991.21283818525
150,32.85068771224886,22.269985529950958,10.58070218229792,14.60514821112269,,0.021847996411457907,3.813602407625398,201569.7078632832
151,32.9388416132946,22.388569127307893,10.55027248598672,14.574718514811492,,0.020604428840576484,3.6981813431671156,200174.62924166064
152,33.025382912861126,22.50678887388685,10.51859403897429,14.543040067799062,,0.01939730052739813,3.5827034798260016,198803.50826478106
153,33.11031859912176,22.624594419411064,10.485724179710708,14.510170208535477,,0.01822683491768246,3.4673012548997275,197453.92539331308
154,33.1936568217768,22.741934704111294,10.45172211766552,14.476168146490291,,0.017093218997172505,3.35210778147838,196123.51711581275
155,33.275406856435026,22.858758036855466,10.41664881957957,14.441094848404342,,0.015996602011971613,3.2372565543571334,194809.98258246004
156,33.35557906654972,22.9750121753035,10.380566891246232,14.405012920071004,,0.014937094274237304,3.122881155885777,193511.0899977661
157,33.43418486294948,23.090644407867426,10.34354045508206,14.367986483906831,,0.013914766058565654,3.009114962508846,192224.68275687567
158,33.51123666101026,23.20560163725212,10.30563502375815,14.330081052582921,,0.012929646594195755,2.896090852746515,190948.6853108435
159,33.586747835522395,23.319830465348,10.266917370174408,14.291363398999179,,0.011981723157904807,2.783940917360949,189681.10874704912
160,33.66073267331261,23.433277279243736,10.22745539406888,14.251901422893651,,0.01107094027218776,2.6727961724452114,188420.0560717341
161,33.73320632368786,23.54588833812413,10.187317985563745,14.211764014388514,,0.010197199013024603,2.562786276162523,187163.72718250277
162,33.804184746774595,23.65760986081649,10.146574885958117,14.171020914782888,,0.009360356431233282,2.454039249852217,185910.42351950632
163,33.87368465983297,23.768388113747235,10.105296546085741,14.129742574910512,,0.008560225091085796,2.3466812042055833,184658.55238494175
164,33.941723481632394,23.87816949906977,10.063553982562638,14.08800001138741,,0.007796572729535985,2.2408360711997237,183406.63092143284
165,34.00831927498078,23.98690064272465,10.021418632256136,14.045864661080907,,0.0070691220390604985,2.1366253424607162,182153.28974081448
166,34.07349068750558,24.094528482193542,9.978962205312056,14.003408234136826,,0.006377550576763601,2.0341678147087454,180897.27619581978
167,34.13725689079131,24.201000353709777,9.936256537081547,13.960702565906319,,0.0057214908020299556,1.9335793429176171,179637.45728816304
168,34.19963751798293,24.30626407869026,9.893373439292686,13.917819468117457,,0.005100530244637282,1.8349726017990569,178372.82220751606
169,34.26065259997078,24.410268049155807,9.850384550814994,13.874830579639765,,0.004514211804860873,1.7384568561987939,177102.48449689825
170,34.32032250027745,24.51296131191054,9.807361188366919,13.83180721719169,,0.003962034186713252,1.6441377409662756,175825.68384102514
171,34.37866784877199,24.614293651254425,9.764374197517583,13.788820226342356,,0.003443452465069309,1.552117050833451,174541.78747519542
172,34.43570947434198,24.714215670007718,9.721493804334271,13.745939833159042,,0.002957878787030752,1.462492540810156,173250.29121333148
173,34.491468336657725,24.81267886863115,9.678789468026597,13.703235496851367,,0.0025046832074811388,1.3753577375745216,171950.82009482884
174,34.54596545716776,24.909635722231073,9.636329734936698,13.66077576376147,,0.002083194658379991,1.2908017623063979,170643.12865090062
175,34.59922184946795,25.00503975524545,9.594182094222514,13.618628123047287,,0.0016927020509401175,1.2089091653802724,169327.10079213456
176,34.6512584491907,25.098845613612852,9.552412835577865,13.576858864402636,,0.0013324555094273022,1.1297597733016425,168002.74932000315
177,34.702096043563444,25.19100913423451,9.511086909328949,13.53553293815372,,0.0010016677349178327,1.053428548237167,166670.21506607562
178,34.751755200788715,25.281487411546816,9.470267789241912,13.494713818066685,,0.0006995154969490682,0.9799854604546311,165329.76566368074
179,34.80025619940069,25.370238861030437,9.430017338370266,13.454463367195038,,0.00042514125059888407,0.9094953739534087,163981.7939577478
180,34.84761895775497,25.457223279490744,9.390395678264237,13.414841707089009,,0.0001776548761381093,0.8420179455304225,162626.81605952096
181,34.89386296381049,25.542401901953742,9.351461061856764,13.375907090681535,,0.0,0.7776075374899386,161265.4690537785
182,34.93900720536363,25.625737455031278,9.313269750332369,13.33771577915714,,0.0,0.7163131441687194,159898.50836711185
183,34.98307010089577,25.70719420661953,9.275875894276256,13.300321923101027,,0.0,0.6581783324106187,158526.8048067069
184,35.0260694311961,25.786738011805113,9.239331419390998,13.26377744821577,,0.0,0.6032411960871077,157151.3412799365
185,35.06802227192187,25.86433635486414,9.203685917057749,13.22813194588252,,0.0,0.5515343247223602,155773.20920590585
186,35.10894492725806,25.939958387250545,9.16898654000753,13.193432568832304,,0.0,0.5030847862436337,154393.60463089115
187,35.1488528648378,26.013574961481552,9.135277903356261,13.159723932181034,,0.0,0.45791412383972296,153013.8240603771
188,35.18776065208428,26.085158660839713,9.102601991244581,13.127048020069353,,0.0,0.4160383668725526,151635.26002112866
189,35.225681894133146,26.154683824822868,9.070998069310289,13.09544409813506,,0.0,0.37746805574930475,150259.39636741835
190,35.262629173492975,26.22212657028555,9.04050260320744,13.06494863203221,,0.0,0.3422082806252965,148887.80334618202
191,35.298613991599055,26.28746480822733,9.011149183371742,13.035595212196514,,0.0,0.3102587337709244,147522.13243647973
192,35.33364671241334,26.35067825619627,8.98296845621708,13.007414485041853,,0.0,0.2816137753997118,146164.11097920095
193,35.36773650822039,26.411748446287763,8.955988061932642,12.980434090757413,,0.0,0.2562625127187156,144815.53661347026
194,35.400891307765946,26.4706587287317,8.93023257903426,12.954678607859034,,0.0,0.23418889192762038,143478.27153667968
195,35.433117746880825,26.527394271073316,8.905723475807521,12.930169504632293,,0.0,0.2153718028585725,142154.23660549487
196,35.46442112172912,26.58194205296558,8.882479068763551,12.906925097588323,,0.0,0.19978519591551291,140845.4052955573
197,35.49480534481484,26.634290856603254,8.86051448821161,12.884960517036381,,0.0,0.18739821093944264,139553.7975379256
198,35.52427290387675,26.684431252841353,8.839841651035409,12.86428767986018,,0.0,0.17817531759477967,138281.47345057287
199,35.55282482379537,26.732355583052577,8.820469240742801,12.84491526956757,,0.0,0.17207646684182576,137030.52698347898
200,35.58046063163152,26.778057936790656,8.802402694840874,12.826848723665645,,0.0,0.16905725303148178,135803.07949602412
201,35.60717832490896,26.821534125338125,8.785644199570845,12.810090228395616,,0.0,0.16906908613079674,134601.27328550862
202,35.63297434324821,26.862781651228904,8.770192692019316,12.794638720844087,,0.0,0.172059373561669,133427.26508568847
203,35.6578435434519,26.901799673847226,8.756043869604683,12.780489898429455,,0.0,0.17797171111029886,132283.2195542282
204,35.6817791781353,26.93858897121574,8.743190206919579,12.767636235744348,,0.0,0.1867460823417364,131171.30276793355
205,35.70477287798861,26.973151898096123,8.731620979892497,12.756067008717269,,0.0,0.1983190659322117,130093.67574453056
206,35.726814637750294,27.00549234053632,8.721322297213982,12.745768326038752,,0.0,0.2126240503118486,129052.48800961958
207,35.74789280596333,27.035615667008162,8.71227713895519,12.736723167779962,,0.0,0.22959145499205746,128049.87122723075
208,35.76799407857829,27.063528676289057,8.704465402289246,12.728911431114017,,0.0,0.24914895793526237,127087.93291216413
209,35.787103496459196,27.08923954225062,8.697863954208588,12.722309983033359,,7.198959054807719e-05,0.2712217283097398,126168.7502420023
210,35.80520444684018,27.112757755725628,8.692446691114563,12.716892719939334,,0.0001533851503233881,0.29573266395935294,125294.36398633322
211,35.82227866877224,27.134094063633277,8.688184605138979,12.712630633963748,,0.0002314986550914916,0.32260263290673596,124466.77257033282
212,35.838306262591196,27.15326040555032,8.68504585704089,12.70949188586566,,0.000305775423830458,0.3517507181991971,123687.9262894115
213,35.85326570342902,27.170269847922828,8.682995855506203,12.707441884330976,,0.00037571729419754243,0.3830944653991639,122959.72169114504
214,35.8671338587823,27.185136516120263,8.681997342662052,12.706443371486824,,0.0004408848159187517,0.41655013201553803,122283.99614017823
215,35.879886010142435,27.197875524539462,8.682010485602989,12.70645651442776,,0.0005008993233605388,0.45203293816867485,121662.52258121797
216,35.891495878683294,27.208502904971752,8.68299297371155,12.707439002536322,,0.000555444880512089,0.48945731778017987,121097.00451461495
217,35.901935654993174,27.21703553345141,8.684900121541784,12.709346150366557,,0.0006042700918781237,0.5287371695789381,120589.07119838322
218,35.91117603282901,27.223491055808044,8.687684977020977,12.712131005845746,,0.0006471897730737919,0.5697861072170526,120140.27308981182
219,35.91918624686114,27.22788781214908,8.691298434712069,12.71574446353684,,0.000684086475222119,0.6125177077935825,119752.07753909897
220,35.92593411436882,27.230244760501712,8.695689353867124,12.720135382691897,,0.000714911857582521,0.6568457580900194,119425.86474667578
221,35.93138608083697,27.230581399846162,8.700804680990828,12.725250709815597,,0.0007396879031811784,0.7026844978294738,119162.92399509872
222,35.935507269395956,27.228917692773784,8.706589576622182,12.731035605446953,,0.0007585079725748074,0.7499488592813505,118964.45016556482
223,35.93826153403741,27.225273988004744,8.712987546032675,12.737433574857446,,0.0007715376912533108,0.7985547025450834,118831.54054826064
224,35.93961151653033,27.21967094300047,8.719940573529868,12.74438660235464,,0.000779015666575917,0.8484190458599867,118765.19195487961
225,35.93951870695283,27.212129446905934,8.727389260046913,12.751835288871685,,0.0007812540305364643,0.8994602903035522,118766.2981407525
226,35.93794350774678,27.202670544055906,8.735272963690887,12.759718992515658,,0.0007786388050685308,0.9515984382576528,118835.64754311895
227,35.93484530119381,27.191315358277894,8.743529942915934,12.767975971740706,,0.000771630087025247,1.00475530504074,118973.92134114035
228,35.93018252020346,27.17808501822225,8.752097501981222,12.776543530805993,,0.0007607620504037974,1.058854723124527,119181.69184230706
229,35.92391272229579,27.16300058394722,8.760912138348582,12.785358167173353,,0.0007466427638290959,1.1138227383755985,119459.42119893958
230,35.91599266665351,27.146082974983127,8.769909691670394,12.794355720495165,,0.0007299538217623198,1.1695877977857834,119807.46045751474
231,35.90637839411076,27.127352900095925,8.779025494014844,12.803471522839613,,0.0007114497883585896,1.2260809281800735,120226.04894257858
232,35.895025309938795,27.10683078896562,8.788194520973184,12.812640549797955,,0.0006919574533618793,1.2832359054171516,120715.31397603099
233,35.88188826928157,27.084536725989608,8.79735154329197,12.82179757211674,,0.0006723748998937566,1.340989413625132,121275.27093159122
234,35.86692166508773,27.060490386415285,8.80643127867246,12.83087730749723,,0.0006536703844634978,1.3992811940440173,121905.82362327873
235,35.850079518379104,27.034710974999584,8.815368543379536,12.839814572204308,,0.0006368810300000742,1.4580541830763134,122606.7650257732
236,35.83131557068974,27.007217167386194,8.82409840330355,12.848544432128321,,0.0006231113331808674,1.517254639178282,123377.77832355615
237,35.810583378503765,26.97802705438343,8.832556324120352,12.857002352945123,,0.0006135314878049566,1.576832258256407,124218.43828478162
238,35.78783640951539,26.947158089317792,8.840678320197611,12.865124349022382,,0.0006093755264297632,1.6367402772665105,125128.21295488355
239,35.763028140528675,26.91462703862946,8.848401101899228,12.872847130723999,,0.0006119392829591862,1.6969355657468062,126106.46566400329
240,35.736112156810975,26.880449935866892,8.855662220944096,12.880108249768867,,0.0006225781793345805,1.7573787050504939,127152.4573414097
241,35.70704225270915,26.84464203922819,8.862400213480967,12.88684624230574,,0.000642704839939421,1.8180340550787906,128265.34912920083
242,35.67577253333414,26.807217792786833,8.868554740547319,12.893000769372092,,0.0006737865377795527,1.8788698083506437,129444.20528670648
243,35.642257517116064,26.768190791528877,8.874066725587191,12.898512754411964,,0.0007173424769464191,1.9398580312817189,130687.99637617596
244,35.60645223902912,26.72757375031825,8.878878488710876,12.903324517535648,,0.0007749409163042009,2.000974692581287,131995.60271951722
245,35.568312354283044,26.68537847689521,8.882933877387845,12.907379906212617,,0.0008481961397681925,2.062199678712574,133365.81811507617
246,35.527794242275796,26.641615849001983,8.886178393273825,12.910624422098595,,0.0009387652789544926,2.123516796398575,134797.35380268827
247,35.48485511060056,26.596295795717623,8.888559314882954,12.913005343707725,,0.001048344994382406,2.184913762192319,136288.84266452288
248,35.43945309889911,26.5494272830723,8.89002581582682,12.914471844651592,,0.0011786680217991743,2.246382179167093,137838.8436485526
249,35.391547382352535,26.501018303998844,8.890529078353707,12.914975107178478,,0.0013314995905693225,2.307917500818808,139445.846400843
250,35.34109827460069,26.451075872667253,8.890022401933443,12.914468430758214,,0.0015086337214287524,2.3695189823087683,141108.27609224798
251,35.288067329881166,26.399606023235037,8.888461306646139,12.91290733547091,,0.0017118894112453514,2.4311896192111906,142824.49842453722
252,35.23241744418014,26.346613813033827,8.885803631146329,12.910249659971102,,0.0019431067127503622,2.492936073964978,144592.8248004587
253,35.174112955187745,26.292103330199772,8.882009624987985,12.906455653812754,,0.0022041427175124445,2.554768590264438,146411.5176417661
254,35.1131197408529,26.236077705742613,8.877042035110293,12.901488063935066,,0.002496867450709917,2.6167008956574223,148278.7958388072
255,35.049405316334195,26.178539130035308,8.870866186298905,12.895312215123674,,0.0028231596865253943,2.6787500926531966,150192.8403148887
256,34.982938929146144,26.11948887369345,8.863450055452708,12.887896084277477,,0.003184902693231389,2.7409365386746374,152151.7996882943
257,34.91369165230283,26.05892731280091,8.85476433950193,12.879210368326701,,0.0035839799172604388,2.803283715221227,154153.79601454796
258,34.84163647526478,25.99685395842548,8.844782516839313,12.869228545664084,,0.004022270615754737,2.8658180866397958,156196.9305912735
259,34.76674839249831,25.93326749035574,8.833480902142586,12.857926930967357,,0.00450164544727163,2.928568948929655,158279.2898078188
260,34.68900448946109,25.868165794978058,8.820838694483045,12.845284723307817,,0.005023962030475811,2.9915682690369496,160398.95102167118
261,34.60838402583235,25.80154600720044,8.806838018631924,12.831284047456695,,0.005591060480784444,3.054850515120361,162553.98844360822
262,34.52486851581117,25.733404556317918,8.79146395949326,12.815909988318031,,0.00620475893503784,3.118452478295794,164742.4790134937
263,34.43844180531173,25.663737215702554,8.77470458960919,12.799150618433961,,0.00686684907435615,3.182413086392296,166962.50824864442
264,34.349090145890486,25.592539156189666,8.75655098970083,12.780997018525602,,0.007579091655399666,3.2467732102741347,169212.17604676491
265,34.2568022652461,25.51980500302086,8.736997262225252,12.761443291050025,,0.008343212060288076,3.3115754633054397,171489.602425564
266,34.161569434140056,25.445528896193697,8.716040537946373,12.740486566771144,,0.009160895875441995,3.376863994553414,173792.93318134185
267,34.06338552959226,25.36970455405738,8.693680975534898,12.718127004359669,,0.010033784509598367,3.4426842763444663,176120.34544905578
268,33.96224709421368,25.29232533998411,8.669921754229582,12.694367783054354,,0.010963470861207521,3.5090828868036783,178470.05314664496
269,33.85815339154525,25.213384331936005,8.644769059609251,12.669215088434022,,0.011951495045359075,3.5761072880230835,180840.31228671683
270,33.751106457280535,25.132874394738746,8.6182320625418,12.642678091366571,,0.0129993401902895,3.6438056005166906,183229.42613906524
271,33.64111114625736,25.050788254864194,8.590322891393171,12.614768920217942,,0.014108428313413385,3.712226374631604,185635.75022790875
272,33.52817517511227,24.96711857751661,8.561056597595673,12.585502626420444,,0.015280116286678852,3.78141835959363,188057.69714819957
273,33.412309160500385,24.88185804580925,8.53045111469115,12.554897143515921,,0.016515691900883152,3.8514302708729833,190493.7411858624
274,33.29352665279172,24.794999441811466,8.498527210980269,12.52297323980504,,0.017816370038399865,3.922310556561445,192942.4227273738
275,33.17184416516439,24.70653572923982,8.465308435924578,12.48975446474935,,0.019183288963555464,3.994107163455575,195402.3524446864
276,33.0472811980243,24.616460137561283,8.43082106046303,12.455267089287801,,0.020617506739658602,4.066867303542249,197872.2152421359
277,32.91986025869013,24.52476624727107,8.395094011419076,12.419540040243847,,0.02211999778143169,4.140637221582608,200350.77395264464
278,32.78960687629208,24.43144807610356,8.35815880018853,12.382604829013301,,0.023691649551311374,4.215461964488014,202836.8727712413
279,32.656549611842344,24.33650016593049,8.320049445911861,12.344495474736632,,0.02533325940778863,4.291385153177661,205329.4404146651
280,32.52072006344516,24.23991767009767,8.280802393347502,12.305248422172273,,0.027045531613636244,4.368448757601266,207827.49299659973
281,32.38215286662391,24.14169644094886,8.240456425675063,12.264902454499834,,0.028829074511530536,4.446692875602261,210330.1366088892
282,32.24088568975241,24.04183311728334,8.19905257246908,12.223498601293851,,0.030684397874218387,4.526155516287235,212836.5695999293
283,32.096959224587906,23.940325211493004,8.156634013094916,12.181080041919687,,0.032611910435997545,4.606872388555386,215346.08454228818
284,31.95041717191247,23.837171196123656,8.113245975788827,12.137692004613598,,0.03461191761188922,4.688876695428524,217858.06988250016
285,31.801306222299658,23.732370589605853,8.068935632693817,12.093381661518587,,0.03668461941046656,4.772198934806612,220372.0112668864
286,31.649676032033195,23.62592404090135,8.023751991131864,12.048198019956635,,0.03883010854587709,4.856866707256873,222887.49253818087
287,31.495579194213725,23.51783341281255,7.977745781401187,12.002191810225959,,0.04104836875415872,4.9429045314258415,225404.1963986914
288,31.339071205099593,23.408101863704918,7.93096934139469,11.955415370219459,,0.04333927331849263,5.030333667643202,227921.9047366788
289,31.18021042573716,23.296733927394936,7.883476498342238,11.90792252716701,,0.04570258380756939,5.119171950264287,230440.49861360973
290,31.019058038945158,23.18373559095992,7.835322447985245,11.859768476810014,,0.048137949030772606,5.209433629274783,232959.95791091898
291,30.85567800172722,23.069114370230206,7.786563631497026,11.811009660321798,,0.050644904213390254,5.301129221655878,235480.3606358982
292,30.690136993195477,22.952879382729037,7.737257610466455,11.761703639291225,,0.05322287039457643,5.394265372982088,238001.88188732124
293,30.522504358097034,22.83504141783123,7.687462940265819,11.71190896909059,,0.055871154050275255,5.488844729695855,240524.7924823978
294,30.352852046043715,22.71561300391756,7.637239042126162,11.661685070950933,,0.058588946942818215,5.584865822474502,243049.45724764172
295,30.181254546554005,22.594608472308938,7.586646074245082,11.611092103069852,,0.06137532619838271,5.682322961074451,245576.33297721203
296,30.007788820023915,22.47204401777138,7.535744802252546,11.560190831077318,,0.06422925461299366,5.781206141006942,248105.96606326968
297,29.832534224751722,22.347937755391335,7.484596469360398,11.50904249818517,,0.06714958118721634,5.881500962366586,250638.9898038429
298,29.655572440148816,22.222309773628776,7.4332626665200525,11.457708695344824,,0.07013504188918177,5.983188561101504,253176.12139465802
299,29.476987386276353,22.09518218336511,7.381805202911252,11.406251231736023,,0.07318426064505217,6.0862455529792525,255718.15861231464
300,29.29686513985405,21.96657916277206,7.330285977081997,11.354732005906769,,0.07629575055552625,6.190643990468372,258265.97619711078
301,29.1152938468945,21.836526997838114,7.278766849056394,11.303212877881165,,0.07946791533645643,6.296351332719589,260820.52194471023
302,28.93236363212211,21.70505411839935,7.2273095137227745,11.251755542547546,,0.0826990509811483,6.403330428795083,263382.8125167234
303,28.748166505342105,21.57219112953263,7.175975375809484,11.200421404634255,,0.08598734764139478,6.511539514257411,265953.9289811139
304,28.56279626493014,21.437970838180426,7.12482542674972,11.14927145557449,,0.08933089172380707,6.6209322211932315,268535.0120941652
305,28.37634839861852,21.30242827488825,7.073920123730281,11.098366152555055,,0.09272766819750125,6.7314576017095415,271127.2573365255
306,28.188919981759522,21.165600710547928,7.023319271211609,11.04776530003638,,0.09617556310872497,6.843060164903269,273731.9097166088
307,28.000609573250536,21.027527668052134,6.973081905198409,10.99752793402318,,0.09967236629752725,6.955679927267427,276350.2583553461
308,27.81151710930993,20.88825092877863,6.923266180531307,10.94771220935608,,0.10321577431111784,7.069252476460074,278983.6308669658
309,27.62174379529574,20.747814533835243,6.873929261460509,10.898375290285278,,0.10680339350810665,7.183709048324958,281633.38755112624
310,27.431391995762286,20.60626478001013,6.825127215752174,10.849573244576945,,0.11043274334738584,7.2989766170161365,284300.9154123317
311,27.240565122952653,20.463650210385065,6.776914912567602,10.801360941392373,,0.11410125985498504,7.414977998041987,286987.6220231159
312,27.049367523926716,20.320021599582994,6.729345924343734,10.753791953168506,,0.11780629926183549,7.531631964008333,289694.9292480065
313,26.857904366526657,20.175431933634936,6.68247243289173,10.706918461716501,,0.12154514180497952,7.648853372804484,292424.26684574276
314,26.66628152438242,20.029936384464694,6.63634513991774,10.660791168742511,,0.1253149956843997,7.766553307941414,295177.0659676616
315,26.474605461161087,19.883592279003906,6.591013182157188,10.615459210981959,,0.12911300116727986,7.884639230716832,297954.75257052353
316,26.28298311426399,19.73645906296369,6.546524051300312,10.570970080125083,,0.13293623483118627,8.003015143848796,300758.7407623987
317,26.091521778175547,19.588598259302586,6.502923518872978,10.52736954769775,,0.13678171393733632,8.1215817661869,303590.42610049713
318,25.90032898766707,19.44007342144459,6.460255566222496,10.484701595047266,,0.14064640092483585,8.240236718078753,306451.1788600605
319,25.709512401058145,19.29095008131451,6.418562319743648,10.443008348568421,,0.1445272080164898,8.358874716939003,309342.3372936058
320,25.519179683736166,19.141295692270962,6.377883991465218,10.40233002028999,,0.14842100192655275,8.47738778253918,312265.2008999373
321,25.3294383921336,18.99117956703137,6.338258825102245,10.362704853927017,,0.15232460866054803,8.595665451508454,315221.0237224066
322,25.140395858359287,18.840672810695494,6.299723047663805,10.324169076488575,,0.15623481839709652,8.7135950005091,318211.0076959277
323,24.952159075678324,18.68984824898766,6.262310826690679,10.28675685551545,,0.16014839044150714,8.831061677525012,321236.2960622042
324,24.764834585031235,18.538780351849745,6.226054233181506,10.250500262006277,,0.16406205824073797,8.947948940678167,324297.9668725517
325,24.578528362780162,18.387545152529807,6.1909832102503675,10.215429239075139,,0.16797253444920082,9.06413870396546,327397.0265975395
326,24.39334570986549,18.236220162322663,6.15712554754284,10.181571576367611,,0.17187651603478632,9.179511589288076,330534.4038624936
327,24.2093911425523,18.084884281130485,6.124506861421824,10.148952890246596,,0.17577068941440427,9.293947184126422,333710.9433276479
328,24.026768284941472,17.93361770402286,6.09315058091862,10.11759660974339,,0.17965173560828218,9.407324304196477,336927.39973142825
329,23.845579763414825,17.782501823985783,6.063077939429052,10.087523968253823,,0.1835163354022451,9.519521260408133,340184.43211501115
330,23.66592710317902,17.631619131060184,6.034307972118847,10.058754000943619,,0.1873611745071865,9.630416129432142,343482.59824588685
331,23.487910627066498,17.48105310807946,6.006857518987048,10.03130354781182,,0.1911829487049809,9.739887027170864,346822.3492577151
332,23.311629356746632,17.330888123225577,5.980741233521063,10.005187262345835,,0.19497836897012344,9.847812384417669,350204.02452325344
333,23.137180916493172,17.18120931963126,5.955971596861923,9.980417625686696,,0.1987441665564696,9.954071223982199,353627.84677659697
334,22.96466143964806,17.032102502264394,5.93255893738368,9.957004966208451,,0.20247709803854522,10.058543438552354,357093.91750037903
335,22.79416547791485,16.883654022338348,5.91051145557651,9.934957484401282,,0.2061739502970172,10.161110068559712,360602.2125929324
336,22.625785913607526,16.735950659498478,5.889835254109059,9.91428128293383,,0.20983154543807722,10.261653579313087,364152.5783297494
337,22.459613874973925,16.589079502041933,5.8705343729320045,9.894980401756774,,0.21344674563665372,10.360058136664492,367744.72763284366
338,22.295738654704703,16.44312782543311,5.852610829271605,9.877056858096374,,0.21701645789357518,10.456209880473633,371378.2366608695
339,22.134247631731927,16.298182969382594,5.836064662349339,9.86051069117411,,0.22053763869702045,10.54999719514071,375052.54173204734
340,21.975226196412855,16.154332213761315,5.820893982651554,9.845340011476324,,0.22400729857884438,10.64131097648308,378766.9365911221
341,21.818757679187165,16.011662653625834,5.807095025561342,9.831541054386113,,0.2274225065566242,10.73004489423876,382520.570030711
342,21.664923282787115,15.870261073633287,5.794662209153842,9.819108237978615,,0.23078039445256762,10.816095649489561,386312.443876505
343,21.513802018072624,15.730213822127022,5.783588195945614,9.808034224770386,,0.2340781610807222,10.89936322630779,390141.4113448636
344,21.365470643554392,15.591606685175499,5.773863958378901,9.798309987203671,,0.23731307629426165,10.97975113694417,394006.1757803953
345,21.220003608660242,15.454524760847901,5.765478847812349,9.78992487663712,,0.2404824848849635,11.057166659889402,397905.28978014144
346,21.077473000791365,15.319052334010129,5.758420666781247,9.782866695606018,,0.24358381032735854,11.1315210701591,401837.1547099871
347,20.937948496206584,15.185272751924161,5.752675744282429,9.7771217731072,,0.24661455836041707,11.202729861170432,405800.020617915
348,20.801497314764674,15.053268300932753,5.748229013831935,9.772675042656706,,0.2495723204000265,11.270712957599322,409791.9865476825
349,20.668184178546124,14.92312008450911,5.745064094037026,9.769510122861798,,0.25245477677593386,11.335394918629143,413811.00125547254
350,20.53807127436751,14.794907902948957,5.743163371418565,9.767609400243336,,0.2552596997872455,11.396705131025602,417854.86433100404
351,20.411218220193255,14.668710134978436,5.74250808521483,9.766954114039601,,0.2579849565710249,11.45457799149793,421921.22772354656
352,20.287682035441705,14.54460362154794,5.743078413893773,9.767524442718546,,0.2606285117789625,11.508953077832908,426007.5976721983
353,20.16751711517364,14.422663552076344,5.74485356309731,9.769299591922081,,0.2631884300575764,11.559775308316944,430111.3370387499
354,20.05077520814436,14.30296335340561,5.747811854738763,9.772257883563535,,0.26566287832784524,11.60699508899034,434229.6680403582
355,19.937505398691513,14.18557458171872,5.751930816972801,9.776376845797573,,0.2680501278606794,11.65056844830928,438359.6753782312
356,19.827754092424147,14.070566817667892,5.7571872747562685,9.781633303581039,,0.27034855614510117,11.690457158822454,442498.30975743727
357,19.721565005670403,13.958007564952256,5.763557440718159,9.78800346954293,,0.27255664854650663,11.726628845502695,446642.39179192984
358,19.618979158633948,13.847962152576294,5.771017006057665,9.795463034882436,,0.27467299975287623,11.759057080407857,450788.61628783867
359,19.520034872202466,13.740493641011856,5.779541231190623,9.803987260015395,,0.27669631500729447,11.787721463380198,454933.5568970585
360,19.424767768344292,13.635662732477277,5.789105035867024,9.813551064691795,,0.278625411125648,11.812607688529372,459073.6711321733
361,19.333210774022834,13.533527685537681,5.799683088485161,9.824129117309933,,0.2804592172988641,11.833707596280618,463205.3057327653
362,19.24539412855196,13.434144234220074,5.8112498943318975,9.835695923156669,,0.2821967756795601,11.85101921080696,467324.70237221307
363,19.161345394309432,13.337565511826435,5.823779882483008,9.848225911307779,,0.2838372417534677,11.864546762701954,471428.00369313714
364,19.08108947071956,13.243841979616624,5.837247491102951,9.861693519927721,,0.28537988449649543,11.874300696787683,475511.25965876377
365,19.004648611410815,13.153021360521457,5.851627250889369,9.87607327971414,,0.2868240863187844,11.880297664991193,479570.43420659227
366,18.932042444448832,13.065148578034385,5.8668938664144585,9.89133989523923,,0.2881693427975942,11.882560504261313,483601.41218991525
