date,column,original_value,reason,layer
2013-08-12,kfar_nachum_rainfall_mm_sum,-199980.0,"physical_bounds [0, 300]",physical
2024-10-25,kfar_nachum_rainfall_mm_sum,-169915.62,"physical_bounds [0, 300]",physical
2024-10-26,kfar_nachum_rainfall_mm_sum,-809919.0,"physical_bounds [0, 300]",physical
2013-08-12,kfar_nachum_relative_humidity_pct_mean,-1352.1468531468531,"physical_bounds [0, 300]",physical
2013-08-12,kfar_nachum_temperature_C_mean,-1372.8503496503497,"physical_bounds [0, 300]",physical
2013-08-12,kfar_nachum_temperature_C_min,-9999.0,"physical_bounds [0, 300]",physical
2013-08-12,kfar_nachum_temperature_min_C_min,-9999.0,"physical_bounds [0, 300]",physical
2014-01-13,lev_kinneret_relative_humidity_pct_mean,103.3939393939394,"physical_bounds [0, 100]",physical
2020-01-05,lev_kinneret_wind_speed_max1min_ms_max,62.7,"physical_bounds [0, 45]",physical
2020-01-09,lev_kinneret_wind_speed_max1min_ms_max,73.5,"physical_bounds [0, 45]",physical
2020-01-16,lev_kinneret_wind_speed_max1min_ms_max,57.0,"physical_bounds [0, 45]",physical
2013-10-09,beit_tzaida_relative_humidity_pct_mean,10.96527777777778,"monthly_IQR month=10 [4.92, 29.12]",monthly
2015-07-25,beit_tzaida_relative_humidity_pct_mean,39.02777777777778,"monthly_IQR month=7 [41.31, 80.44]",monthly
2015-08-02,beit_tzaida_relative_humidity_pct_mean,43.29577464788732,"monthly_IQR month=8 [32.70, 44.08]",monthly
2015-08-08,beit_tzaida_relative_humidity_pct_mean,44.701388888888886,"monthly_IQR month=8 [45.69, 72.52]",monthly
2015-08-16,beit_tzaida_relative_humidity_pct_mean,40.208333333333336,"monthly_IQR month=8 [31.60, 43.50]",monthly
2015-08-17,beit_tzaida_relative_humidity_pct_mean,38.388888888888886,"monthly_IQR month=8 [45.69, 72.52]",monthly
2016-06-04,beit_tzaida_relative_humidity_pct_mean,30.59027777777778,"monthly_IQR month=6 [34.84, 78.52]",monthly
2016-06-14,beit_tzaida_relative_humidity_pct_mean,26.77777777777778,"monthly_IQR month=6 [34.84, 78.52]",monthly
2016-09-25,beit_tzaida_relative_humidity_pct_mean,30.979166666666668,"monthly_IQR month=9 [39.38, 78.65]",monthly
2015-08-02,beit_tzaida_temperature_C_max,45.8,"monthly_IQR month=8 [32.70, 44.08]",monthly
2015-08-16,beit_tzaida_temperature_C_max,43.5,"monthly_IQR month=8 [31.60, 43.50]",monthly
2020-07-01,beit_tzaida_temperature_C_max,25.8,"monthly_IQR month=7 [29.30, 45.40]",monthly
2020-08-30,beit_tzaida_temperature_C_max,45.1,"monthly_IQR month=8 [32.70, 44.08]",monthly
2025-08-13,beit_tzaida_temperature_C_max,44.5,"monthly_IQR month=8 [32.70, 44.08]",monthly
2025-08-14,beit_tzaida_temperature_C_max,43.4,"monthly_IQR month=8 [28.56, 34.79]",monthly
2015-08-02,beit_tzaida_temperature_C_mean,35.582394366197185,"monthly_IQR month=8 [32.70, 44.08]",monthly
2015-08-03,beit_tzaida_temperature_C_mean,35.706944444444446,"monthly_IQR month=8 [26.26, 35.60]",monthly
2020-07-01,beit_tzaida_temperature_C_mean,24.141666666666666,"monthly_IQR month=7 [29.30, 45.40]",monthly
2025-08-13,beit_tzaida_temperature_C_mean,35.544444444444444,"monthly_IQR month=8 [32.70, 44.08]",monthly
2015-08-03,beit_tzaida_temperature_C_min,31.1,"monthly_IQR month=8 [26.26, 35.60]",monthly
2015-09-08,beit_tzaida_temperature_C_min,31.5,"monthly_IQR month=9 [13.20, 31.40]",monthly
2020-07-01,beit_tzaida_temperature_ground_C_mean,20.616666666666667,"monthly_IQR month=7 [29.30, 45.40]",monthly
2015-08-02,beit_tzaida_temperature_max_C_max,45.9,"monthly_IQR month=8 [32.70, 44.08]",monthly
2015-08-16,beit_tzaida_temperature_max_C_max,44.1,"monthly_IQR month=8 [31.60, 43.50]",monthly
2020-07-01,beit_tzaida_temperature_max_C_max,25.9,"monthly_IQR month=7 [29.30, 45.40]",monthly
2020-08-30,beit_tzaida_temperature_max_C_max,45.2,"monthly_IQR month=8 [32.70, 44.08]",monthly
2025-08-13,beit_tzaida_temperature_max_C_max,44.7,"monthly_IQR month=8 [32.70, 44.08]",monthly
2025-08-14,beit_tzaida_temperature_max_C_max,43.6,"monthly_IQR month=8 [28.56, 34.79]",monthly
2015-08-03,beit_tzaida_temperature_min_C_min,31.0,"monthly_IQR month=8 [26.26, 35.60]",monthly
2015-09-08,beit_tzaida_temperature_min_C_min,31.4,"monthly_IQR month=9 [13.20, 31.40]",monthly
2016-11-02,beit_tzaida_wind_dir_deg_mean,232.625,"monthly_IQR month=11 [52.39, 219.01]",monthly
2017-11-21,beit_tzaida_wind_dir_deg_mean,219.54929577464787,"monthly_IQR month=11 [52.53, 209.84]",monthly
2018-10-26,beit_tzaida_wind_dir_deg_mean,227.21527777777777,"monthly_IQR month=10 [0.37, 3.59]",monthly
2023-03-30,beit_tzaida_wind_dir_deg_mean,261.65277777777777,"monthly_IQR month=3 [61.08, 247.85]",monthly
2023-11-27,beit_tzaida_wind_dir_deg_mean,240.60416666666663,"monthly_IQR month=11 [52.39, 219.01]",monthly
2015-02-06,beit_tzaida_wind_dir_std_deg_mean,45.38819444444445,"monthly_IQR month=2 [-0.95, 42.35]",monthly
2015-03-07,beit_tzaida_wind_dir_std_deg_mean,45.295138888888886,"monthly_IQR month=3 [-0.33, 25.73]",monthly
2017-01-17,beit_tzaida_wind_dir_std_deg_mean,54.37708333333333,"monthly_IQR month=1 [-5.38, 48.17]",monthly
2017-03-06,beit_tzaida_wind_dir_std_deg_mean,38.98680555555556,"monthly_IQR month=3 [1.77, 38.79]",monthly
2018-05-01,beit_tzaida_wind_dir_std_deg_mean,34.75416666666667,"monthly_IQR month=5 [6.42, 33.02]",monthly
2020-10-09,beit_tzaida_wind_dir_std_deg_mean,37.57013888888889,"monthly_IQR month=10 [5.39, 33.81]",monthly
2020-10-10,beit_tzaida_wind_dir_std_deg_mean,35.256249999999994,"monthly_IQR month=10 [5.39, 33.81]",monthly
2021-12-12,beit_tzaida_wind_dir_std_deg_mean,53.58125,"monthly_IQR month=12 [-3.28, 38.63]",monthly
2022-03-06,beit_tzaida_wind_dir_std_deg_mean,39.09930555555556,"monthly_IQR month=3 [1.77, 38.79]",monthly
2022-03-29,beit_tzaida_wind_dir_std_deg_mean,45.69861111111111,"monthly_IQR month=3 [1.77, 38.79]",monthly
2022-10-26,beit_tzaida_wind_dir_std_deg_mean,33.98125,"monthly_IQR month=10 [4.92, 29.12]",monthly
2023-05-04,beit_tzaida_wind_dir_std_deg_mean,33.95902777777778,"monthly_IQR month=5 [114.78, 308.84]",monthly
2023-10-27,beit_tzaida_wind_dir_std_deg_mean,36.64236111111112,"monthly_IQR month=10 [5.39, 33.81]",monthly
2026-03-18,beit_tzaida_wind_dir_std_deg_mean,40.03426573426573,"monthly_IQR month=3 [1.77, 38.79]",monthly
2016-11-02,beit_tzaida_wind_gust_dir_deg_mean,226.38888888888889,"monthly_IQR month=11 [52.39, 219.01]",monthly
2018-10-26,beit_tzaida_wind_gust_dir_deg_mean,234.19444444444449,"monthly_IQR month=10 [0.37, 3.59]",monthly
2023-03-30,beit_tzaida_wind_gust_dir_deg_mean,263.8611111111111,"monthly_IQR month=3 [61.08, 247.85]",monthly
2023-11-27,beit_tzaida_wind_gust_dir_deg_mean,239.78472222222223,"monthly_IQR month=11 [52.39, 219.01]",monthly
2025-03-06,beit_tzaida_wind_gust_dir_deg_mean,59.05555555555556,"monthly_IQR month=3 [129.59, 281.38]",monthly
2015-04-23,beit_tzaida_wind_gust_speed_ms_max,24.1,"monthly_IQR month=4 [-0.07, 4.45]",monthly
2019-10-15,beit_tzaida_wind_gust_speed_ms_max,19.8,"monthly_IQR month=10 [-1.40, 14.00]",monthly
2022-05-15,beit_tzaida_wind_gust_speed_ms_max,24.3,"monthly_IQR month=5 [2.50, 18.60]",monthly
2022-05-15,beit_tzaida_wind_speed_max10min_ms_max,15.7,"monthly_IQR month=5 [2.50, 18.60]",monthly
2015-04-23,beit_tzaida_wind_speed_max1min_ms_max,19.0,"monthly_IQR month=4 [-0.07, 4.45]",monthly
2022-05-15,beit_tzaida_wind_speed_max1min_ms_max,18.7,"monthly_IQR month=5 [2.50, 18.60]",monthly
2012-11-17,beit_tzaida_wind_speed_ms_mean,5.692361111111111,"monthly_IQR month=11 [-1.18, 4.78]",monthly
2013-03-08,beit_tzaida_wind_speed_ms_mean,5.615277777777778,"monthly_IQR month=3 [108.37, 334.56]",monthly
2013-10-09,beit_tzaida_wind_speed_ms_mean,4.190277777777777,"monthly_IQR month=10 [4.92, 29.12]",monthly
2013-10-21,beit_tzaida_wind_speed_ms_mean,4.292361111111111,"monthly_IQR month=10 [4.92, 29.12]",monthly
2013-12-01,beit_tzaida_wind_speed_ms_mean,5.675000000000001,"monthly_IQR month=12 [-0.77, 4.38]",monthly
2014-02-02,beit_tzaida_wind_speed_ms_mean,6.656944444444445,"monthly_IQR month=2 [2.37, 31.61]",monthly
2014-02-03,beit_tzaida_wind_speed_ms_mean,4.7,"monthly_IQR month=2 [2.37, 31.61]",monthly
2014-02-13,beit_tzaida_wind_speed_ms_mean,5.036111111111111,"monthly_IQR month=2 [-1.17, 4.67]",monthly
2014-09-01,beit_tzaida_wind_speed_ms_mean,4.209027777777778,"monthly_IQR month=9 [0.16, 4.15]",monthly
2014-12-12,beit_tzaida_wind_speed_ms_mean,4.565277777777777,"monthly_IQR month=12 [-1.10, 4.34]",monthly
2015-02-11,beit_tzaida_wind_speed_ms_mean,6.171527777777778,"monthly_IQR month=2 [-0.80, 4.56]",monthly
2015-04-23,beit_tzaida_wind_speed_ms_mean,5.861805555555556,"monthly_IQR month=4 [-0.07, 4.45]",monthly
2015-11-02,beit_tzaida_wind_speed_ms_mean,5.008333333333334,"monthly_IQR month=11 [-0.53, 4.16]",monthly
2015-11-03,beit_tzaida_wind_speed_ms_mean,8.72013888888889,"monthly_IQR month=11 [-1.87, 7.40]",monthly
2015-11-04,beit_tzaida_wind_speed_ms_mean,8.652777777777779,"monthly_IQR month=11 [-1.87, 7.40]",monthly
2015-11-26,beit_tzaida_wind_speed_ms_mean,5.397916666666666,"monthly_IQR month=11 [-1.18, 4.78]",monthly
2015-12-29,beit_tzaida_wind_speed_ms_mean,5.184027777777778,"monthly_IQR month=12 [-0.59, 4.39]",monthly
2016-02-05,beit_tzaida_wind_speed_ms_mean,5.224305555555556,"monthly_IQR month=2 [-1.17, 4.67]",monthly
2016-03-02,beit_tzaida_wind_speed_ms_mean,6.167361111111111,"monthly_IQR month=3 [2.13, 32.11]",monthly
2016-11-20,beit_tzaida_wind_speed_ms_mean,5.213888888888889,"monthly_IQR month=11 [-1.18, 4.78]",monthly
2016-11-21,beit_tzaida_wind_speed_ms_mean,5.918055555555556,"monthly_IQR month=11 [-1.18, 4.78]",monthly
2016-11-22,beit_tzaida_wind_speed_ms_mean,6.677777777777778,"monthly_IQR month=11 [-1.17, 5.08]",monthly
2016-11-23,beit_tzaida_wind_speed_ms_mean,8.708333333333334,"monthly_IQR month=11 [-1.87, 7.40]",monthly
2016-11-24,beit_tzaida_wind_speed_ms_mean,5.923611111111111,"monthly_IQR month=11 [-1.87, 7.40]",monthly
2016-11-29,beit_tzaida_wind_speed_ms_mean,5.263888888888889,"monthly_IQR month=11 [-1.18, 4.78]",monthly
2016-12-02,beit_tzaida_wind_speed_ms_mean,4.763194444444444,"monthly_IQR month=12 [-0.77, 4.38]",monthly
2017-01-06,beit_tzaida_wind_speed_ms_mean,6.386111111111111,"monthly_IQR month=1 [-1.95, 5.57]",monthly
2017-02-08,beit_tzaida_wind_speed_ms_mean,5.104166666666667,"monthly_IQR month=2 [-1.17, 4.67]",monthly
2017-04-12,beit_tzaida_wind_speed_ms_mean,4.838888888888889,"monthly_IQR month=4 [110.52, 325.38]",monthly
2018-02-16,beit_tzaida_wind_speed_ms_mean,6.727777777777778,"monthly_IQR month=2 [-1.13, 28.35]",monthly
2018-10-26,beit_tzaida_wind_speed_ms_mean,4.078472222222222,"monthly_IQR month=10 [0.37, 3.59]",monthly
2018-10-28,beit_tzaida_wind_speed_ms_mean,3.841666666666667,"monthly_IQR month=10 [-0.41, 6.02]",monthly
2018-12-15,beit_tzaida_wind_speed_ms_mean,4.632638888888889,"monthly_IQR month=12 [-1.10, 4.34]",monthly
2019-02-05,beit_tzaida_wind_speed_ms_mean,5.054166666666666,"monthly_IQR month=2 [2.37, 31.61]",monthly
2019-10-14,beit_tzaida_wind_speed_ms_mean,3.5125,"monthly_IQR month=10 [0.21, 3.48]",monthly
2019-10-15,beit_tzaida_wind_speed_ms_mean,4.3375,"monthly_IQR month=10 [-1.40, 14.00]",monthly
2019-11-17,beit_tzaida_wind_speed_ms_mean,5.854166666666667,"monthly_IQR month=11 [-1.18, 4.78]",monthly
2019-11-18,beit_tzaida_wind_speed_ms_mean,5.104166666666667,"monthly_IQR month=11 [-1.18, 4.78]",monthly
2019-11-26,beit_tzaida_wind_speed_ms_mean,5.127777777777777,"monthly_IQR month=11 [-1.18, 4.78]",monthly
2020-02-14,beit_tzaida_wind_speed_ms_mean,5.170138888888889,"monthly_IQR month=2 [-0.75, 4.43]",monthly
2020-11-08,beit_tzaida_wind_speed_ms_mean,6.157638888888889,"monthly_IQR month=11 [-1.18, 4.78]",monthly
2021-02-17,beit_tzaida_wind_speed_ms_mean,5.132638888888889,"monthly_IQR month=2 [-0.75, 4.43]",monthly
2021-12-07,beit_tzaida_wind_speed_ms_mean,5.952777777777778,"monthly_IQR month=12 [-1.10, 4.34]",monthly
2021-12-31,beit_tzaida_wind_speed_ms_mean,4.621582733812949,"monthly_IQR month=12 [-1.10, 4.34]",monthly
2022-05-15,beit_tzaida_wind_speed_ms_mean,6.077622377622378,"monthly_IQR month=5 [2.50, 18.60]",monthly
2022-11-12,beit_tzaida_wind_speed_ms_mean,5.830555555555556,"monthly_IQR month=11 [-1.18, 4.78]",monthly
2022-11-21,beit_tzaida_wind_speed_ms_mean,4.975,"monthly_IQR month=11 [-1.18, 4.78]",monthly
2022-12-31,beit_tzaida_wind_speed_ms_mean,4.470503597122302,"monthly_IQR month=12 [44.54, 396.43]",monthly
2023-02-11,beit_tzaida_wind_speed_ms_mean,5.344444444444445,"monthly_IQR month=2 [-0.75, 4.43]",monthly
2023-12-21,beit_tzaida_wind_speed_ms_mean,4.745833333333334,"monthly_IQR month=12 [-1.10, 4.34]",monthly
2025-03-05,beit_tzaida_wind_speed_ms_mean,6.325694444444444,"monthly_IQR month=3 [129.59, 281.38]",monthly
2025-03-06,beit_tzaida_wind_speed_ms_mean,6.500694444444445,"monthly_IQR month=3 [129.59, 281.38]",monthly
2025-12-04,beit_tzaida_wind_speed_ms_mean,4.522222222222222,"monthly_IQR month=12 [-1.10, 4.34]",monthly
2026-03-11,beit_tzaida_wind_speed_ms_mean,5.720833333333333,"monthly_IQR month=3 [108.37, 334.56]",monthly
2015-08-08,kfar_nachum_relative_humidity_pct_mean,38.083333333333336,"monthly_IQR month=8 [45.69, 72.52]",monthly
2015-08-17,kfar_nachum_relative_humidity_pct_mean,36.15277777777778,"monthly_IQR month=8 [45.69, 72.52]",monthly
2016-06-04,kfar_nachum_relative_humidity_pct_mean,26.59722222222222,"monthly_IQR month=6 [34.84, 78.52]",monthly
2016-09-25,kfar_nachum_relative_humidity_pct_mean,25.9375,"monthly_IQR month=9 [39.38, 78.65]",monthly
2025-07-18,kfar_nachum_relative_humidity_pct_mean,36.451388888888886,"monthly_IQR month=7 [40.56, 74.10]",monthly
2025-09-22,kfar_nachum_relative_humidity_pct_mean,30.791666666666668,"monthly_IQR month=9 [39.38, 78.65]",monthly
2015-08-02,kfar_nachum_temperature_C_max,46.8,"monthly_IQR month=8 [32.70, 44.08]",monthly
2018-07-04,kfar_nachum_temperature_C_max,26.5,"monthly_IQR month=7 [28.80, 48.58]",monthly
2020-08-30,kfar_nachum_temperature_C_max,46.3,"monthly_IQR month=8 [32.70, 44.08]",monthly
2015-08-02,kfar_nachum_temperature_C_mean,35.72986111111111,"monthly_IQR month=8 [32.70, 44.08]",monthly
2015-08-03,kfar_nachum_temperature_C_mean,35.54375,"monthly_IQR month=8 [26.26, 35.60]",monthly
2025-08-13,kfar_nachum_temperature_C_mean,35.65208333333333,"monthly_IQR month=8 [32.70, 44.08]",monthly
2015-08-03,kfar_nachum_temperature_C_min,31.3,"monthly_IQR month=8 [26.26, 35.60]",monthly
2015-09-08,kfar_nachum_temperature_C_min,32.6,"monthly_IQR month=9 [13.20, 31.40]",monthly
2015-08-02,kfar_nachum_temperature_max_C_max,47.0,"monthly_IQR month=8 [32.70, 44.08]",monthly
2018-07-04,kfar_nachum_temperature_max_C_max,26.6,"monthly_IQR month=7 [28.80, 48.58]",monthly
2020-08-30,kfar_nachum_temperature_max_C_max,46.5,"monthly_IQR month=8 [32.70, 44.08]",monthly
2015-09-08,kfar_nachum_temperature_min_C_min,32.6,"monthly_IQR month=9 [13.20, 31.40]",monthly
2013-03-08,kfar_nachum_wind_dir_deg_mean,92.22916666666669,"monthly_IQR month=3 [108.37, 334.56]",monthly
2013-03-31,kfar_nachum_wind_dir_deg_mean,81.125,"monthly_IQR month=3 [108.37, 334.56]",monthly
2013-10-09,kfar_nachum_wind_dir_deg_mean,55.63194444444444,"monthly_IQR month=10 [4.92, 29.12]",monthly
2013-10-21,kfar_nachum_wind_dir_deg_mean,60.333333333333336,"monthly_IQR month=10 [4.92, 29.12]",monthly
2013-12-01,kfar_nachum_wind_dir_deg_mean,42.81944444444444,"monthly_IQR month=12 [-0.77, 4.38]",monthly
2014-02-02,kfar_nachum_wind_dir_deg_mean,32.61805555555556,"monthly_IQR month=2 [2.37, 31.61]",monthly
2014-02-03,kfar_nachum_wind_dir_deg_mean,58.04895104895105,"monthly_IQR month=2 [2.37, 31.61]",monthly
2014-03-08,kfar_nachum_wind_dir_deg_mean,100.27777777777776,"monthly_IQR month=3 [108.37, 334.56]",monthly
2015-03-06,kfar_nachum_wind_dir_deg_mean,97.09722222222224,"monthly_IQR month=3 [-0.33, 25.73]",monthly
2015-03-26,kfar_nachum_wind_dir_deg_mean,63.43055555555556,"monthly_IQR month=3 [108.37, 334.56]",monthly
2015-03-27,kfar_nachum_wind_dir_deg_mean,68.16666666666667,"monthly_IQR month=3 [108.37, 334.56]",monthly
2017-04-12,kfar_nachum_wind_dir_deg_mean,93.04861111111111,"monthly_IQR month=4 [110.52, 325.38]",monthly
2018-02-16,kfar_nachum_wind_dir_deg_mean,42.65277777777778,"monthly_IQR month=2 [-1.13, 28.35]",monthly
2018-05-02,kfar_nachum_wind_dir_deg_mean,100.48611111111111,"monthly_IQR month=5 [114.78, 308.84]",monthly
2018-10-28,kfar_nachum_wind_dir_deg_mean,69.0,"monthly_IQR month=10 [-0.41, 6.02]",monthly
2018-10-29,kfar_nachum_wind_dir_deg_mean,86.53472222222223,"monthly_IQR month=10 [118.32, 314.64]",monthly
2018-10-31,kfar_nachum_wind_dir_deg_mean,114.22222222222224,"monthly_IQR month=10 [118.32, 314.64]",monthly
2020-02-15,kfar_nachum_wind_dir_deg_mean,55.10416666666666,"monthly_IQR month=2 [73.49, 361.51]",monthly
2021-02-22,kfar_nachum_wind_dir_deg_mean,58.59027777777778,"monthly_IQR month=2 [67.65, 363.67]",monthly
2022-05-21,kfar_nachum_wind_dir_deg_mean,103.00694444444444,"monthly_IQR month=5 [114.78, 308.84]",monthly
2022-10-25,kfar_nachum_wind_dir_deg_mean,88.68055555555556,"monthly_IQR month=10 [118.32, 314.64]",monthly
2022-12-31,kfar_nachum_wind_dir_deg_mean,39.12230215827338,"monthly_IQR month=12 [44.54, 396.43]",monthly
2023-02-10,kfar_nachum_wind_dir_deg_mean,53.9375,"monthly_IQR month=2 [73.49, 361.51]",monthly
2023-05-04,kfar_nachum_wind_dir_deg_mean,91.88888888888889,"monthly_IQR month=5 [114.78, 308.84]",monthly
2023-10-30,kfar_nachum_wind_dir_deg_mean,114.56944444444444,"monthly_IQR month=10 [120.54, 306.45]",monthly
2024-03-01,kfar_nachum_wind_dir_deg_mean,98.4375,"monthly_IQR month=3 [2.13, 32.11]",monthly
2025-03-05,kfar_nachum_wind_dir_deg_mean,105.75694444444444,"monthly_IQR month=3 [129.59, 281.38]",monthly
2025-03-06,kfar_nachum_wind_dir_deg_mean,53.17361111111112,"monthly_IQR month=3 [129.59, 281.38]",monthly
2025-04-01,kfar_nachum_wind_dir_deg_mean,104.60416666666669,"monthly_IQR month=4 [0.11, 23.88]",monthly
2026-03-11,kfar_nachum_wind_dir_deg_mean,105.85416666666669,"monthly_IQR month=3 [108.37, 334.56]",monthly
2026-04-16,kfar_nachum_wind_dir_deg_mean,71.80555555555556,"monthly_IQR month=4 [110.52, 325.38]",monthly
2012-07-01,kfar_nachum_wind_dir_std_deg_mean,26.697222222222223,"monthly_IQR month=7 [8.36, 26.66]",monthly
2012-11-01,kfar_nachum_wind_dir_std_deg_mean,33.71944444444445,"monthly_IQR month=11 [5.13, 29.98]",monthly
2013-08-12,kfar_nachum_wind_dir_std_deg_mean,-1384.9251748251747,"monthly_IQR month=8 [194.80, 395.78]",monthly
2015-09-08,kfar_nachum_wind_dir_std_deg_mean,36.28888888888889,"monthly_IQR month=9 [13.20, 31.40]",monthly
2015-09-10,kfar_nachum_wind_dir_std_deg_mean,28.73333333333333,"monthly_IQR month=9 [7.64, 28.51]",monthly
2016-03-02,kfar_nachum_wind_dir_std_deg_mean,33.43402777777778,"monthly_IQR month=3 [2.13, 32.11]",monthly
2019-02-05,kfar_nachum_wind_dir_std_deg_mean,33.25694444444444,"monthly_IQR month=2 [2.37, 31.61]",monthly
2019-06-06,kfar_nachum_wind_dir_std_deg_mean,30.44722222222222,"monthly_IQR month=6 [254.88, 411.78]",monthly
2021-03-22,kfar_nachum_wind_dir_std_deg_mean,32.89375,"monthly_IQR month=3 [4.17, 32.63]",monthly
2023-02-07,kfar_nachum_wind_dir_std_deg_mean,32.86597222222222,"monthly_IQR month=2 [3.64, 32.67]",monthly
2024-10-25,kfar_nachum_wind_dir_std_deg_mean,-1720.364285714286,"monthly_IQR month=10 [6.87, 30.19]",monthly
2024-10-26,kfar_nachum_wind_dir_std_deg_mean,-6322.4984375,"monthly_IQR month=10 [6.87, 30.19]",monthly
2013-03-08,kfar_nachum_wind_gust_dir_deg_mean,97.65034965034964,"monthly_IQR month=3 [108.37, 334.56]",monthly
2013-03-31,kfar_nachum_wind_gust_dir_deg_mean,97.28472222222224,"monthly_IQR month=3 [108.37, 334.56]",monthly
2013-10-09,kfar_nachum_wind_gust_dir_deg_mean,65.89583333333333,"monthly_IQR month=10 [4.92, 29.12]",monthly
2013-10-21,kfar_nachum_wind_gust_dir_deg_mean,67.17361111111111,"monthly_IQR month=10 [4.92, 29.12]",monthly
2014-02-02,kfar_nachum_wind_gust_dir_deg_mean,33.541666666666664,"monthly_IQR month=2 [2.37, 31.61]",monthly
2014-02-03,kfar_nachum_wind_gust_dir_deg_mean,54.11188811188811,"monthly_IQR month=2 [2.37, 31.61]",monthly
2014-03-08,kfar_nachum_wind_gust_dir_deg_mean,105.54861111111111,"monthly_IQR month=3 [108.37, 334.56]",monthly
2015-03-06,kfar_nachum_wind_gust_dir_deg_mean,80.99305555555556,"monthly_IQR month=3 [-0.33, 25.73]",monthly
2015-03-26,kfar_nachum_wind_gust_dir_deg_mean,64.61805555555556,"monthly_IQR month=3 [108.37, 334.56]",monthly
2015-03-27,kfar_nachum_wind_gust_dir_deg_mean,77.23611111111111,"monthly_IQR month=3 [108.37, 334.56]",monthly
2017-04-12,kfar_nachum_wind_gust_dir_deg_mean,90.94444444444444,"monthly_IQR month=4 [110.52, 325.38]",monthly
2018-02-16,kfar_nachum_wind_gust_dir_deg_mean,61.1875,"monthly_IQR month=2 [-1.13, 28.35]",monthly
2018-05-02,kfar_nachum_wind_gust_dir_deg_mean,92.82638888888889,"monthly_IQR month=5 [114.78, 308.84]",monthly
2018-10-28,kfar_nachum_wind_gust_dir_deg_mean,67.54166666666667,"monthly_IQR month=10 [-0.41, 6.02]",monthly
2018-10-29,kfar_nachum_wind_gust_dir_deg_mean,93.85416666666669,"monthly_IQR month=10 [118.32, 314.64]",monthly
2018-10-31,kfar_nachum_wind_gust_dir_deg_mean,110.10416666666669,"monthly_IQR month=10 [118.32, 314.64]",monthly
2019-10-23,kfar_nachum_wind_gust_dir_deg_mean,106.15277777777776,"monthly_IQR month=10 [118.32, 314.64]",monthly
2020-02-14,kfar_nachum_wind_gust_dir_deg_mean,73.125,"monthly_IQR month=2 [-0.75, 4.43]",monthly
2020-02-15,kfar_nachum_wind_gust_dir_deg_mean,56.22222222222222,"monthly_IQR month=2 [73.49, 361.51]",monthly
2022-05-21,kfar_nachum_wind_gust_dir_deg_mean,100.89583333333331,"monthly_IQR month=5 [114.78, 308.84]",monthly
2022-10-25,kfar_nachum_wind_gust_dir_deg_mean,93.18055555555556,"monthly_IQR month=10 [118.32, 314.64]",monthly
2022-12-31,kfar_nachum_wind_gust_dir_deg_mean,42.42446043165467,"monthly_IQR month=12 [44.54, 396.43]",monthly
2023-01-02,kfar_nachum_wind_gust_dir_deg_mean,45.583333333333336,"monthly_IQR month=1 [49.66, 385.33]",monthly
2023-02-10,kfar_nachum_wind_gust_dir_deg_mean,59.68055555555556,"monthly_IQR month=2 [73.49, 361.51]",monthly
2023-05-04,kfar_nachum_wind_gust_dir_deg_mean,102.58333333333331,"monthly_IQR month=5 [114.78, 308.84]",monthly
2024-03-01,kfar_nachum_wind_gust_dir_deg_mean,106.24305555555556,"monthly_IQR month=3 [2.13, 32.11]",monthly
2025-03-06,kfar_nachum_wind_gust_dir_deg_mean,54.38194444444444,"monthly_IQR month=3 [129.59, 281.38]",monthly
2025-04-01,kfar_nachum_wind_gust_dir_deg_mean,106.36111111111111,"monthly_IQR month=4 [0.11, 23.88]",monthly
2026-03-11,kfar_nachum_wind_gust_dir_deg_mean,96.09027777777776,"monthly_IQR month=3 [108.37, 334.56]",monthly
2026-04-16,kfar_nachum_wind_gust_dir_deg_mean,72.59722222222223,"monthly_IQR month=4 [110.52, 325.38]",monthly
2015-10-25,kfar_nachum_wind_gust_speed_ms_max,29.0,"monthly_IQR month=10 [-1.40, 14.00]",monthly
2020-05-09,kfar_nachum_wind_gust_speed_ms_max,22.9,"monthly_IQR month=5 [180.59, 454.86]",monthly
2022-05-15,kfar_nachum_wind_gust_speed_ms_max,21.9,"monthly_IQR month=5 [2.50, 18.60]",monthly
2025-04-30,kfar_nachum_wind_gust_speed_ms_max,23.7,"monthly_IQR month=4 [-2.70, 16.90]",monthly
2013-06-08,kfar_nachum_wind_speed_max10min_ms_max,2.3,"monthly_IQR month=6 [3.30, 13.98]",monthly
2013-12-13,kfar_nachum_wind_speed_max10min_ms_max,14.6,"monthly_IQR month=12 [-0.77, 4.38]",monthly
2015-10-25,kfar_nachum_wind_speed_max10min_ms_max,17.0,"monthly_IQR month=10 [-1.40, 14.00]",monthly
2016-06-17,kfar_nachum_wind_speed_max10min_ms_max,11.6,"monthly_IQR month=6 [1.50, 11.30]",monthly
2020-05-09,kfar_nachum_wind_speed_max10min_ms_max,14.8,"monthly_IQR month=5 [180.59, 454.86]",monthly
2022-05-15,kfar_nachum_wind_speed_max10min_ms_max,12.9,"monthly_IQR month=5 [2.50, 18.60]",monthly
2013-06-08,kfar_nachum_wind_speed_max1min_ms_max,3.0,"monthly_IQR month=6 [3.30, 13.98]",monthly
2015-10-25,kfar_nachum_wind_speed_max1min_ms_max,20.7,"monthly_IQR month=10 [-1.40, 14.00]",monthly
2016-06-17,kfar_nachum_wind_speed_max1min_ms_max,14.4,"monthly_IQR month=6 [1.50, 11.30]",monthly
2020-05-09,kfar_nachum_wind_speed_max1min_ms_max,17.2,"monthly_IQR month=5 [180.59, 454.86]",monthly
2025-04-30,kfar_nachum_wind_speed_max1min_ms_max,17.7,"monthly_IQR month=4 [-2.70, 16.90]",monthly
2013-12-13,kfar_nachum_wind_speed_ms_max,14.3,"monthly_IQR month=12 [-0.77, 4.38]",monthly
2015-10-25,kfar_nachum_wind_speed_ms_max,15.8,"monthly_IQR month=10 [-1.40, 14.00]",monthly
2016-06-17,kfar_nachum_wind_speed_ms_max,11.3,"monthly_IQR month=6 [1.50, 11.30]",monthly
2018-04-26,kfar_nachum_wind_speed_ms_max,12.3,"monthly_IQR month=4 [-1.50, 15.30]",monthly
2020-05-09,kfar_nachum_wind_speed_ms_max,14.8,"monthly_IQR month=5 [180.59, 454.86]",monthly
2022-05-15,kfar_nachum_wind_speed_ms_max,12.9,"monthly_IQR month=5 [2.50, 18.60]",monthly
2013-10-09,kfar_nachum_wind_speed_ms_mean,3.95625,"monthly_IQR month=10 [4.92, 29.12]",monthly
2013-10-21,kfar_nachum_wind_speed_ms_mean,3.863888888888889,"monthly_IQR month=10 [4.92, 29.12]",monthly
2013-12-13,kfar_nachum_wind_speed_ms_mean,7.140277777777778,"monthly_IQR month=12 [-0.77, 4.38]",monthly
2014-02-02,kfar_nachum_wind_speed_ms_mean,5.661111111111111,"monthly_IQR month=2 [2.37, 31.61]",monthly
2015-02-11,kfar_nachum_wind_speed_ms_mean,5.170833333333333,"monthly_IQR month=2 [-0.80, 4.56]",monthly
2015-11-02,kfar_nachum_wind_speed_ms_mean,5.145138888888889,"monthly_IQR month=11 [-0.53, 4.16]",monthly
2015-11-03,kfar_nachum_wind_speed_ms_mean,7.427083333333333,"monthly_IQR month=11 [-1.87, 7.40]",monthly
2015-11-04,kfar_nachum_wind_speed_ms_mean,7.372222222222222,"monthly_IQR month=11 [-1.87, 7.40]",monthly
2015-12-29,kfar_nachum_wind_speed_ms_mean,4.444444444444445,"monthly_IQR month=12 [-0.59, 4.39]",monthly
2016-11-22,kfar_nachum_wind_speed_ms_mean,5.711111111111111,"monthly_IQR month=11 [-1.17, 5.08]",monthly
2016-11-23,kfar_nachum_wind_speed_ms_mean,6.422916666666667,"monthly_IQR month=11 [-1.87, 7.40]",monthly
2016-11-24,kfar_nachum_wind_speed_ms_mean,5.127083333333333,"monthly_IQR month=11 [-1.87, 7.40]",monthly
2016-12-02,kfar_nachum_wind_speed_ms_mean,5.184722222222223,"monthly_IQR month=12 [-0.77, 4.38]",monthly
2018-10-28,kfar_nachum_wind_speed_ms_mean,4.116666666666666,"monthly_IQR month=10 [-0.41, 6.02]",monthly
2018-12-07,kfar_nachum_wind_speed_ms_mean,5.605555555555556,"monthly_IQR month=12 [-0.77, 4.38]",monthly
2019-10-15,kfar_nachum_wind_speed_ms_mean,3.9145833333333337,"monthly_IQR month=10 [-1.40, 14.00]",monthly
2020-02-14,kfar_nachum_wind_speed_ms_mean,4.709722222222222,"monthly_IQR month=2 [-0.75, 4.43]",monthly
2020-12-26,kfar_nachum_wind_speed_ms_mean,4.476388888888889,"monthly_IQR month=12 [-3.28, 38.63]",monthly
2020-12-27,kfar_nachum_wind_speed_ms_mean,4.4944444444444445,"monthly_IQR month=12 [-0.59, 4.39]",monthly
2020-12-28,kfar_nachum_wind_speed_ms_mean,5.074999999999999,"monthly_IQR month=12 [-0.59, 4.39]",monthly
2021-02-17,kfar_nachum_wind_speed_ms_mean,5.28125,"monthly_IQR month=2 [-0.75, 4.43]",monthly
2021-02-23,kfar_nachum_wind_speed_ms_mean,4.582638888888889,"monthly_IQR month=2 [-0.75, 4.43]",monthly
2021-12-08,kfar_nachum_wind_speed_ms_mean,4.506944444444445,"monthly_IQR month=12 [-0.59, 4.39]",monthly
2023-02-11,kfar_nachum_wind_speed_ms_mean,4.805555555555555,"monthly_IQR month=2 [-0.75, 4.43]",monthly
2025-03-06,kfar_nachum_wind_speed_ms_mean,4.677777777777778,"monthly_IQR month=3 [129.59, 281.38]",monthly
2013-10-09,lev_kinneret_relative_humidity_pct_mean,22.4375,"monthly_IQR month=10 [4.92, 29.12]",monthly
2016-06-04,lev_kinneret_relative_humidity_pct_mean,44.86805555555556,"monthly_IQR month=6 [34.84, 78.52]",monthly
2016-09-25,lev_kinneret_relative_humidity_pct_mean,38.69444444444444,"monthly_IQR month=9 [39.38, 78.65]",monthly
2021-07-17,lev_kinneret_relative_humidity_pct_mean,47.61111111111112,"monthly_IQR month=7 [47.76, 83.61]",monthly
2026-06-04,lev_kinneret_relative_humidity_pct_mean,43.0,"monthly_IQR month=6 [44.90, 83.00]",monthly
2026-08-02,lev_kinneret_relative_humidity_pct_mean,46.0,"monthly_IQR month=8 [29.20, 41.62]",monthly
2026-08-03,lev_kinneret_relative_humidity_pct_mean,44.0,"monthly_IQR month=8 [52.33, 80.96]",monthly
2013-01-18,lev_kinneret_temperature_C_max,30.0,"monthly_IQR month=1 [8.00, 29.00]",monthly
2015-08-02,lev_kinneret_temperature_C_max,41.5,"monthly_IQR month=8 [32.70, 44.08]",monthly
2020-08-30,lev_kinneret_temperature_C_max,42.1,"monthly_IQR month=8 [32.70, 44.08]",monthly
2025-08-13,lev_kinneret_temperature_C_max,42.1,"monthly_IQR month=8 [32.70, 44.08]",monthly
2026-08-02,lev_kinneret_temperature_C_max,41.8,"monthly_IQR month=8 [29.20, 41.62]",monthly
2015-08-02,lev_kinneret_temperature_C_mean,34.202777777777776,"monthly_IQR month=8 [32.70, 44.08]",monthly
2025-08-13,lev_kinneret_temperature_C_mean,36.24505494505494,"monthly_IQR month=8 [32.70, 44.08]",monthly
2013-01-18,lev_kinneret_temperature_max_C_max,29.7,"monthly_IQR month=1 [8.00, 29.00]",monthly
2015-08-02,lev_kinneret_temperature_max_C_max,41.7,"monthly_IQR month=8 [32.70, 44.08]",monthly
2020-08-30,lev_kinneret_temperature_max_C_max,42.7,"monthly_IQR month=8 [32.70, 44.08]",monthly
2025-08-13,lev_kinneret_temperature_max_C_max,42.4,"monthly_IQR month=8 [32.70, 44.08]",monthly
2026-08-02,lev_kinneret_temperature_max_C_max,41.8,"monthly_IQR month=8 [29.20, 41.62]",monthly
2021-07-09,lev_kinneret_wind_dir_deg_mean,52.9375,"monthly_IQR month=7 [4.80, 19.15]",monthly
2023-05-01,lev_kinneret_wind_dir_deg_mean,108.98611111111111,"monthly_IQR month=5 [118.22, 329.50]",monthly
2024-05-08,lev_kinneret_wind_dir_deg_mean,117.01388888888889,"monthly_IQR month=5 [118.22, 329.50]",monthly
2024-09-24,lev_kinneret_wind_dir_deg_mean,112.59722222222224,"monthly_IQR month=9 [121.35, 320.60]",monthly
2012-11-06,lev_kinneret_wind_dir_std_deg_mean,35.56666666666667,"monthly_IQR month=11 [0.33, 28.69]",monthly
2012-11-07,lev_kinneret_wind_dir_std_deg_mean,45.77430555555556,"monthly_IQR month=11 [0.33, 28.69]",monthly
2012-11-08,lev_kinneret_wind_dir_std_deg_mean,49.39236111111112,"monthly_IQR month=11 [0.33, 28.69]",monthly
2012-11-09,lev_kinneret_wind_dir_std_deg_mean,44.93958333333333,"monthly_IQR month=11 [0.33, 28.69]",monthly
2012-11-10,lev_kinneret_wind_dir_std_deg_mean,57.08695652173913,"monthly_IQR month=11 [0.33, 28.69]",monthly
2013-01-12,lev_kinneret_wind_dir_std_deg_mean,29.32986111111111,"monthly_IQR month=1 [-0.33, 27.73]",monthly
2013-01-16,lev_kinneret_wind_dir_std_deg_mean,31.05,"monthly_IQR month=1 [-0.33, 27.73]",monthly
2013-04-01,lev_kinneret_wind_dir_std_deg_mean,26.91736111111111,"monthly_IQR month=4 [0.11, 23.88]",monthly
2013-10-21,lev_kinneret_wind_dir_std_deg_mean,25.38125,"monthly_IQR month=10 [4.92, 29.12]",monthly
2013-12-25,lev_kinneret_wind_dir_std_deg_mean,29.08125,"monthly_IQR month=12 [1.27, 27.43]",monthly
2015-03-06,lev_kinneret_wind_dir_std_deg_mean,26.352083333333333,"monthly_IQR month=3 [-0.33, 25.73]",monthly
2015-03-07,lev_kinneret_wind_dir_std_deg_mean,29.85833333333333,"monthly_IQR month=3 [-0.33, 25.73]",monthly
2015-09-24,lev_kinneret_wind_dir_std_deg_mean,22.44375,"monthly_IQR month=9 [0.74, 22.29]",monthly
2016-03-02,lev_kinneret_wind_dir_std_deg_mean,30.30902777777778,"monthly_IQR month=3 [2.13, 32.11]",monthly
2018-02-16,lev_kinneret_wind_dir_std_deg_mean,28.758333333333333,"monthly_IQR month=2 [-1.13, 28.35]",monthly
2018-04-08,lev_kinneret_wind_dir_std_deg_mean,33.0,"monthly_IQR month=4 [0.11, 23.88]",monthly
2018-12-03,lev_kinneret_wind_dir_std_deg_mean,28.824305555555554,"monthly_IQR month=12 [1.27, 27.43]",monthly
2019-02-05,lev_kinneret_wind_dir_std_deg_mean,33.389583333333334,"monthly_IQR month=2 [2.37, 31.61]",monthly
2020-10-19,lev_kinneret_wind_dir_std_deg_mean,25.85853658536585,"monthly_IQR month=10 [2.97, 23.32]",monthly
2021-06-30,lev_kinneret_wind_dir_std_deg_mean,21.0,"monthly_IQR month=6 [0.32, 20.29]",monthly
2023-04-09,lev_kinneret_wind_dir_std_deg_mean,24.35763888888889,"monthly_IQR month=4 [0.11, 23.88]",monthly
2025-04-01,lev_kinneret_wind_dir_std_deg_mean,26.18263888888889,"monthly_IQR month=4 [0.11, 23.88]",monthly
2025-08-13,lev_kinneret_wind_dir_std_deg_mean,18.907692307692308,"monthly_IQR month=8 [32.70, 44.08]",monthly
2026-03-14,lev_kinneret_wind_dir_std_deg_mean,28.63402777777777,"monthly_IQR month=3 [2.13, 32.11]",monthly
2021-07-09,lev_kinneret_wind_gust_dir_deg_mean,76.875,"monthly_IQR month=7 [4.80, 19.15]",monthly
2024-09-24,lev_kinneret_wind_gust_dir_deg_mean,120.21527777777776,"monthly_IQR month=9 [121.35, 320.60]",monthly
2015-10-25,lev_kinneret_wind_gust_speed_ms_max,22.6,"monthly_IQR month=10 [-1.40, 14.00]",monthly
2021-07-09,lev_kinneret_wind_gust_speed_ms_max,2.9,"monthly_IQR month=7 [4.80, 19.15]",monthly
2020-01-05,lev_kinneret_wind_speed_max10min_ms_max,26.3,"monthly_IQR month=1 [-9.45, 23.80]",monthly
2019-01-03,lev_kinneret_wind_speed_max1min_ms_max,35.8,"monthly_IQR month=1 [-12.10, 29.20]",monthly
2019-02-09,lev_kinneret_wind_speed_max1min_ms_max,28.2,"monthly_IQR month=2 [-9.50, 26.20]",monthly
2020-01-08,lev_kinneret_wind_speed_max1min_ms_max,42.5,"monthly_IQR month=1 [-12.10, 29.20]",monthly
2021-07-09,lev_kinneret_wind_speed_max1min_ms_max,2.7,"monthly_IQR month=7 [4.80, 19.15]",monthly
2021-07-27,lev_kinneret_wind_speed_max1min_ms_max,4.5,"monthly_IQR month=7 [4.80, 19.15]",monthly
2023-04-13,lev_kinneret_wind_speed_max1min_ms_max,26.5,"monthly_IQR month=4 [-3.00, 22.20]",monthly
2014-11-26,lev_kinneret_wind_speed_ms_mean,9.20625,"monthly_IQR month=11 [-0.53, 4.16]",monthly
2015-01-07,lev_kinneret_wind_speed_ms_mean,10.685416666666669,"monthly_IQR month=1 [-1.24, 5.05]",monthly
2015-02-11,lev_kinneret_wind_speed_ms_mean,9.741666666666667,"monthly_IQR month=2 [-0.80, 4.56]",monthly
2015-04-23,lev_kinneret_wind_speed_ms_mean,8.85763888888889,"monthly_IQR month=4 [-0.07, 4.45]",monthly
2015-11-03,lev_kinneret_wind_speed_ms_mean,8.093055555555557,"monthly_IQR month=11 [-1.87, 7.40]",monthly
2015-11-04,lev_kinneret_wind_speed_ms_mean,9.285416666666666,"monthly_IQR month=11 [-1.87, 7.40]",monthly
2016-11-23,lev_kinneret_wind_speed_ms_mean,7.838888888888889,"monthly_IQR month=11 [-1.87, 7.40]",monthly
2016-11-24,lev_kinneret_wind_speed_ms_mean,8.122916666666667,"monthly_IQR month=11 [-1.87, 7.40]",monthly
2016-12-02,lev_kinneret_wind_speed_ms_mean,10.398611111111112,"monthly_IQR month=12 [-0.77, 4.38]",monthly
2018-10-26,lev_kinneret_wind_speed_ms_mean,7.164583333333334,"monthly_IQR month=10 [0.37, 3.59]",monthly
2018-10-28,lev_kinneret_wind_speed_ms_mean,6.769444444444444,"monthly_IQR month=10 [-0.41, 6.02]",monthly
2018-12-07,lev_kinneret_wind_speed_ms_mean,9.586111111111112,"monthly_IQR month=12 [-0.77, 4.38]",monthly
2020-01-09,lev_kinneret_wind_speed_ms_mean,10.791666666666666,"monthly_IQR month=1 [-4.55, 10.29]",monthly
2023-02-01,lev_kinneret_wind_speed_ms_mean,8.303472222222222,"monthly_IQR month=2 [-2.78, 8.08]",monthly
2025-09-21,tiberias_relative_humidity_pct_mean,36.19444444444444,"monthly_IQR month=9 [38.15, 74.42]",monthly
2025-09-22,tiberias_relative_humidity_pct_mean,24.979166666666668,"monthly_IQR month=9 [39.38, 78.65]",monthly
2025-08-12,tiberias_temperature_C_mean,34.90069444444444,"monthly_IQR month=8 [28.56, 34.79]",monthly
2025-08-13,tiberias_temperature_C_mean,36.24930555555555,"monthly_IQR month=8 [32.70, 44.08]",monthly
2025-08-14,tiberias_temperature_C_mean,35.375,"monthly_IQR month=8 [28.56, 34.79]",monthly
2024-12-19,tiberias_wind_dir_deg_mean,125.125,"monthly_IQR month=12 [134.36, 289.64]",monthly
2025-06-02,tiberias_wind_dir_deg_mean,252.3680555555556,"monthly_IQR month=6 [150.13, 240.82]",monthly
2025-06-03,tiberias_wind_dir_deg_mean,262.8958333333333,"monthly_IQR month=6 [147.69, 255.04]",monthly
2025-12-05,tiberias_wind_dir_deg_mean,131.45833333333334,"monthly_IQR month=12 [-3.28, 38.63]",monthly
2024-10-08,tiberias_wind_dir_std_deg_mean,30.334722222222226,"monthly_IQR month=10 [11.40, 26.87]",monthly
2025-09-02,tiberias_wind_dir_std_deg_mean,33.62777777777777,"monthly_IQR month=9 [9.77, 32.36]",monthly
2025-03-05,tiberias_wind_gust_dir_deg_mean,125.55555555555556,"monthly_IQR month=3 [129.59, 281.38]",monthly
2025-03-06,tiberias_wind_gust_dir_deg_mean,116.96527777777776,"monthly_IQR month=3 [129.59, 281.38]",monthly
2025-06-03,tiberias_wind_gust_dir_deg_mean,260.7638888888889,"monthly_IQR month=6 [147.69, 255.04]",monthly
2026-01-04,tiberias_wind_gust_dir_deg_mean,111.15277777777776,"monthly_IQR month=1 [125.52, 288.31]",monthly
2026-01-05,tiberias_wind_gust_dir_deg_mean,124.36111111111111,"monthly_IQR month=1 [125.52, 288.31]",monthly
2026-01-22,tiberias_wind_gust_dir_deg_mean,121.36111111111111,"monthly_IQR month=1 [125.52, 288.31]",monthly
2026-02-13,tiberias_wind_speed_ms_max,7.7,"monthly_IQR month=2 [0.53, 6.30]",monthly
2012-06-25,tzamach_global_radiation_MJm2,19.84,"monthly_IQR month=6 [254.88, 411.78]",monthly
2012-07-30,tzamach_global_radiation_MJm2,17.147,"monthly_IQR month=7 [254.29, 402.22]",monthly
2012-09-30,tzamach_global_radiation_MJm2,10.532,"monthly_IQR month=9 [156.70, 353.59]",monthly
2014-05-06,tzamach_global_radiation_MJm2,7.908,"monthly_IQR month=5 [180.59, 454.86]",monthly
2014-05-08,tzamach_global_radiation_MJm2,7.683,"monthly_IQR month=5 [180.59, 454.86]",monthly
2014-06-05,tzamach_global_radiation_MJm2,19.849,"monthly_IQR month=6 [254.88, 411.78]",monthly
2014-09-28,tzamach_global_radiation_MJm2,13.735,"monthly_IQR month=9 [13.89, 29.45]",monthly
2015-06-28,tzamach_global_radiation_MJm2,20.893,"monthly_IQR month=6 [254.88, 411.78]",monthly
2015-09-08,tzamach_global_radiation_MJm2,4.144,"monthly_IQR month=9 [13.20, 31.40]",monthly
2015-09-09,tzamach_global_radiation_MJm2,13.735,"monthly_IQR month=9 [13.89, 29.45]",monthly
2015-10-25,tzamach_global_radiation_MJm2,3.829,"monthly_IQR month=10 [-1.40, 14.00]",monthly
2016-09-23,tzamach_global_radiation_MJm2,12.925,"monthly_IQR month=9 [156.70, 353.59]",monthly
2018-05-08,tzamach_global_radiation_MJm2,10.595,"monthly_IQR month=5 [180.59, 454.86]",monthly
2018-06-12,tzamach_global_radiation_MJm2,19.604,"monthly_IQR month=6 [254.88, 411.78]",monthly
2018-06-13,tzamach_global_radiation_MJm2,17.346,"monthly_IQR month=6 [254.88, 411.78]",monthly
2018-08-29,tzamach_global_radiation_MJm2,15.337,"monthly_IQR month=8 [16.81, 33.54]",monthly
2019-06-06,tzamach_global_radiation_MJm2,13.036,"monthly_IQR month=6 [254.88, 411.78]",monthly
2020-05-05,tzamach_global_radiation_MJm2,9.103,"monthly_IQR month=5 [180.59, 454.86]",monthly
2021-07-24,tzamach_global_radiation_MJm2,17.897,"monthly_IQR month=7 [254.29, 402.22]",monthly
2021-10-31,tzamach_global_radiation_MJm2,4.606,"monthly_IQR month=10 [65.84, 323.39]",monthly
2022-09-11,tzamach_global_radiation_MJm2,11.042,"monthly_IQR month=9 [13.89, 29.45]",monthly
2022-09-12,tzamach_global_radiation_MJm2,12.812,"monthly_IQR month=9 [13.89, 29.45]",monthly
2023-06-02,tzamach_global_radiation_MJm2,18.763,"monthly_IQR month=6 [254.88, 411.78]",monthly
2023-06-08,tzamach_global_radiation_MJm2,19.561,"monthly_IQR month=6 [254.88, 411.78]",monthly
2023-06-09,tzamach_global_radiation_MJm2,18.557,"monthly_IQR month=6 [254.88, 411.78]",monthly
2023-10-29,tzamach_global_radiation_MJm2,5.377,"monthly_IQR month=10 [65.84, 323.39]",monthly
2025-09-25,tzamach_global_radiation_MJm2,13.868,"monthly_IQR month=9 [13.89, 29.45]",monthly
2012-06-25,tzamach_global_radiation_Wm2_mean,229.63194444444449,"monthly_IQR month=6 [254.88, 411.78]",monthly
2012-07-30,tzamach_global_radiation_Wm2_mean,198.46527777777777,"monthly_IQR month=7 [254.29, 402.22]",monthly
2012-09-30,tzamach_global_radiation_Wm2_mean,121.90277777777776,"monthly_IQR month=9 [156.70, 353.59]",monthly
2012-12-15,tzamach_global_radiation_Wm2_mean,308.6111111111111,"monthly_IQR month=12 [-64.84, 283.75]",monthly
2013-04-03,tzamach_global_radiation_Wm2_mean,529.6760563380282,"monthly_IQR month=4 [33.69, 508.53]",monthly
2013-04-04,tzamach_global_radiation_Wm2_mean,537.5217391304348,"monthly_IQR month=4 [33.69, 508.53]",monthly
2013-04-06,tzamach_global_radiation_Wm2_mean,524.3098591549295,"monthly_IQR month=4 [33.69, 508.53]",monthly
2013-04-07,tzamach_global_radiation_Wm2_mean,519.1388888888889,"monthly_IQR month=4 [33.69, 508.53]",monthly
2013-04-10,tzamach_global_radiation_Wm2_mean,510.8591549295775,"monthly_IQR month=4 [33.69, 508.53]",monthly
2013-04-12,tzamach_global_radiation_Wm2_mean,571.7638888888889,"monthly_IQR month=4 [33.69, 508.53]",monthly
2013-04-13,tzamach_global_radiation_Wm2_mean,521.8333333333334,"monthly_IQR month=4 [33.69, 508.53]",monthly
2013-04-14,tzamach_global_radiation_Wm2_mean,568.1111111111111,"monthly_IQR month=4 [33.69, 508.53]",monthly
2013-04-15,tzamach_global_radiation_Wm2_mean,570.3648648648649,"monthly_IQR month=4 [33.69, 508.53]",monthly
2013-04-23,tzamach_global_radiation_Wm2_mean,538.986301369863,"monthly_IQR month=4 [33.69, 508.53]",monthly
2013-04-24,tzamach_global_radiation_Wm2_mean,572.9866666666667,"monthly_IQR month=4 [33.69, 508.53]",monthly
2013-04-25,tzamach_global_radiation_Wm2_mean,584.4933333333333,"monthly_IQR month=4 [33.69, 508.53]",monthly
2013-04-26,tzamach_global_radiation_Wm2_mean,596.6533333333333,"monthly_IQR month=4 [33.69, 508.53]",monthly
2013-04-27,tzamach_global_radiation_Wm2_mean,595.48,"monthly_IQR month=4 [33.69, 508.53]",monthly
2013-04-28,tzamach_global_radiation_Wm2_mean,566.4266666666666,"monthly_IQR month=4 [33.69, 508.53]",monthly
2013-04-29,tzamach_global_radiation_Wm2_mean,586.9733333333334,"monthly_IQR month=4 [33.69, 508.53]",monthly
2013-04-30,tzamach_global_radiation_Wm2_mean,569.4933333333333,"monthly_IQR month=4 [33.69, 508.53]",monthly
2013-05-02,tzamach_global_radiation_Wm2_mean,491.4935064935065,"monthly_IQR month=5 [180.59, 454.86]",monthly
2013-05-03,tzamach_global_radiation_Wm2_mean,550.4109589041096,"monthly_IQR month=5 [180.59, 454.86]",monthly
2013-05-04,tzamach_global_radiation_Wm2_mean,547.9350649350649,"monthly_IQR month=5 [180.59, 454.86]",monthly
2013-05-05,tzamach_global_radiation_Wm2_mean,564.1948051948052,"monthly_IQR month=5 [180.59, 454.86]",monthly
2013-05-06,tzamach_global_radiation_Wm2_mean,523.2467532467532,"monthly_IQR month=5 [180.59, 454.86]",monthly
2013-05-07,tzamach_global_radiation_Wm2_mean,503.23376623376623,"monthly_IQR month=5 [180.59, 454.86]",monthly
2013-05-08,tzamach_global_radiation_Wm2_mean,537.5,"monthly_IQR month=5 [180.59, 454.86]",monthly
2013-05-10,tzamach_global_radiation_Wm2_mean,557.9594594594595,"monthly_IQR month=5 [180.59, 454.86]",monthly
2013-05-11,tzamach_global_radiation_Wm2_mean,542.5844155844156,"monthly_IQR month=5 [180.59, 454.86]",monthly
2013-05-14,tzamach_global_radiation_Wm2_mean,510.46153846153845,"monthly_IQR month=5 [180.59, 454.86]",monthly
2013-05-16,tzamach_global_radiation_Wm2_mean,551.7692307692307,"monthly_IQR month=5 [180.59, 454.86]",monthly
2013-05-17,tzamach_global_radiation_Wm2_mean,488.8974358974359,"monthly_IQR month=5 [180.59, 454.86]",monthly
2013-05-18,tzamach_global_radiation_Wm2_mean,487.47435897435895,"monthly_IQR month=5 [180.59, 454.86]",monthly
2013-05-19,tzamach_global_radiation_Wm2_mean,472.0506329113924,"monthly_IQR month=5 [180.59, 454.86]",monthly
2013-05-20,tzamach_global_radiation_Wm2_mean,571.4430379746835,"monthly_IQR month=5 [180.59, 454.86]",monthly
2013-05-21,tzamach_global_radiation_Wm2_mean,562.8076923076923,"monthly_IQR month=5 [180.59, 454.86]",monthly
2013-05-22,tzamach_global_radiation_Wm2_mean,600.5897435897435,"monthly_IQR month=5 [180.59, 454.86]",monthly
2013-05-23,tzamach_global_radiation_Wm2_mean,582.253164556962,"monthly_IQR month=5 [180.59, 454.86]",monthly
2013-05-24,tzamach_global_radiation_Wm2_mean,540.9615384615385,"monthly_IQR month=5 [180.59, 454.86]",monthly
2013-05-25,tzamach_global_radiation_Wm2_mean,521.2631578947369,"monthly_IQR month=5 [180.59, 454.86]",monthly
2013-05-26,tzamach_global_radiation_Wm2_mean,559.0641025641025,"monthly_IQR month=5 [180.59, 454.86]",monthly
2013-05-27,tzamach_global_radiation_Wm2_mean,561.3924050632911,"monthly_IQR month=5 [180.59, 454.86]",monthly
2013-05-28,tzamach_global_radiation_Wm2_mean,589.3544303797469,"monthly_IQR month=5 [180.59, 454.86]",monthly
2013-05-29,tzamach_global_radiation_Wm2_mean,550.3417721518987,"monthly_IQR month=5 [180.59, 454.86]",monthly
2013-05-30,tzamach_global_radiation_Wm2_mean,515.475,"monthly_IQR month=5 [180.59, 454.86]",monthly
2013-05-31,tzamach_global_radiation_Wm2_mean,544.175,"monthly_IQR month=5 [180.59, 454.86]",monthly
2013-07-01,tzamach_global_radiation_Wm2_mean,515.1034482758621,"monthly_IQR month=7 [254.29, 402.22]",monthly
2013-07-02,tzamach_global_radiation_Wm2_mean,563.8024691358024,"monthly_IQR month=7 [254.29, 402.22]",monthly
2013-07-03,tzamach_global_radiation_Wm2_mean,570.4444444444445,"monthly_IQR month=7 [254.29, 402.22]",monthly
2013-07-04,tzamach_global_radiation_Wm2_mean,576.1481481481482,"monthly_IQR month=7 [254.29, 402.22]",monthly
2013-07-05,tzamach_global_radiation_Wm2_mean,576.6913580246913,"monthly_IQR month=7 [254.29, 402.22]",monthly
2013-07-06,tzamach_global_radiation_Wm2_mean,570.95,"monthly_IQR month=7 [254.29, 402.22]",monthly
2013-07-07,tzamach_global_radiation_Wm2_mean,566.05,"monthly_IQR month=7 [254.29, 402.22]",monthly
2013-07-08,tzamach_global_radiation_Wm2_mean,563.925,"monthly_IQR month=7 [254.29, 402.22]",monthly
2013-07-09,tzamach_global_radiation_Wm2_mean,566.4125,"monthly_IQR month=7 [254.29, 402.22]",monthly
2013-07-10,tzamach_global_radiation_Wm2_mean,559.8227848101266,"monthly_IQR month=7 [254.29, 402.22]",monthly
2013-07-11,tzamach_global_radiation_Wm2_mean,536.9615384615385,"monthly_IQR month=7 [254.29, 402.22]",monthly
2013-07-12,tzamach_global_radiation_Wm2_mean,531.2,"monthly_IQR month=7 [254.29, 402.22]",monthly
2013-07-13,tzamach_global_radiation_Wm2_mean,545.7435897435897,"monthly_IQR month=7 [254.29, 402.22]",monthly
2013-07-14,tzamach_global_radiation_Wm2_mean,508.0897435897436,"monthly_IQR month=7 [254.29, 402.22]",monthly
2013-07-15,tzamach_global_radiation_Wm2_mean,573.1794871794872,"monthly_IQR month=7 [254.29, 402.22]",monthly
2013-07-16,tzamach_global_radiation_Wm2_mean,558.9102564102565,"monthly_IQR month=7 [254.29, 402.22]",monthly
2013-07-17,tzamach_global_radiation_Wm2_mean,534.2658227848101,"monthly_IQR month=7 [254.29, 402.22]",monthly
2013-07-18,tzamach_global_radiation_Wm2_mean,564.1898734177215,"monthly_IQR month=7 [254.29, 402.22]",monthly
2013-07-19,tzamach_global_radiation_Wm2_mean,497.46753246753246,"monthly_IQR month=7 [254.29, 402.22]",monthly
2013-07-20,tzamach_global_radiation_Wm2_mean,475.88461538461536,"monthly_IQR month=7 [254.29, 402.22]",monthly
2013-07-21,tzamach_global_radiation_Wm2_mean,469.6666666666667,"monthly_IQR month=7 [254.29, 402.22]",monthly
2013-07-22,tzamach_global_radiation_Wm2_mean,486.62820512820514,"monthly_IQR month=7 [254.29, 402.22]",monthly
2013-07-23,tzamach_global_radiation_Wm2_mean,547.3246753246754,"monthly_IQR month=7 [254.29, 402.22]",monthly
2013-07-24,tzamach_global_radiation_Wm2_mean,579.5769230769231,"monthly_IQR month=7 [254.29, 402.22]",monthly
2013-07-25,tzamach_global_radiation_Wm2_mean,529.3506493506494,"monthly_IQR month=7 [254.29, 402.22]",monthly
2013-07-26,tzamach_global_radiation_Wm2_mean,572.1948051948052,"monthly_IQR month=7 [254.29, 402.22]",monthly
2013-07-27,tzamach_global_radiation_Wm2_mean,516.4078947368421,"monthly_IQR month=7 [254.29, 402.22]",monthly
2013-07-28,tzamach_global_radiation_Wm2_mean,566.1298701298701,"monthly_IQR month=7 [254.29, 402.22]",monthly
2013-07-29,tzamach_global_radiation_Wm2_mean,580.2987012987013,"monthly_IQR month=7 [254.29, 402.22]",monthly
2013-07-30,tzamach_global_radiation_Wm2_mean,547.4935064935065,"monthly_IQR month=7 [254.29, 402.22]",monthly
2013-07-31,tzamach_global_radiation_Wm2_mean,559.4415584415584,"monthly_IQR month=7 [254.29, 402.22]",monthly
2013-08-01,tzamach_global_radiation_Wm2_mean,546.2597402597403,"monthly_IQR month=8 [194.80, 395.78]",monthly
2013-08-02,tzamach_global_radiation_Wm2_mean,552.4025974025974,"monthly_IQR month=8 [194.80, 395.78]",monthly
2013-08-03,tzamach_global_radiation_Wm2_mean,532.578947368421,"monthly_IQR month=8 [194.80, 395.78]",monthly
2013-08-04,tzamach_global_radiation_Wm2_mean,488.8311688311688,"monthly_IQR month=8 [194.80, 395.78]",monthly
2013-08-05,tzamach_global_radiation_Wm2_mean,542.7105263157895,"monthly_IQR month=8 [194.80, 395.78]",monthly
2013-08-06,tzamach_global_radiation_Wm2_mean,562.7402597402597,"monthly_IQR month=8 [194.80, 395.78]",monthly
2013-08-07,tzamach_global_radiation_Wm2_mean,573.9480519480519,"monthly_IQR month=8 [194.80, 395.78]",monthly
2013-08-08,tzamach_global_radiation_Wm2_mean,549.6447368421053,"monthly_IQR month=8 [194.80, 395.78]",monthly
2013-08-09,tzamach_global_radiation_Wm2_mean,558.2368421052631,"monthly_IQR month=8 [194.80, 395.78]",monthly
2013-08-10,tzamach_global_radiation_Wm2_mean,536.2533333333333,"monthly_IQR month=8 [194.80, 395.78]",monthly
2013-08-11,tzamach_global_radiation_Wm2_mean,545.1184210526316,"monthly_IQR month=8 [194.80, 395.78]",monthly
2013-08-12,tzamach_global_radiation_Wm2_mean,544.7894736842105,"monthly_IQR month=8 [194.80, 395.78]",monthly
2013-08-13,tzamach_global_radiation_Wm2_mean,525.9066666666666,"monthly_IQR month=8 [194.80, 395.78]",monthly
2013-08-14,tzamach_global_radiation_Wm2_mean,546.5066666666667,"monthly_IQR month=8 [194.80, 395.78]",monthly
2013-08-15,tzamach_global_radiation_Wm2_mean,516.6933333333334,"monthly_IQR month=8 [194.80, 395.78]",monthly
2013-08-16,tzamach_global_radiation_Wm2_mean,546.1333333333333,"monthly_IQR month=8 [194.80, 395.78]",monthly
2013-08-17,tzamach_global_radiation_Wm2_mean,555.76,"monthly_IQR month=8 [194.80, 395.78]",monthly
2013-08-18,tzamach_global_radiation_Wm2_mean,564.4266666666666,"monthly_IQR month=8 [194.80, 395.78]",monthly
2013-08-19,tzamach_global_radiation_Wm2_mean,552.0135135135135,"monthly_IQR month=8 [194.80, 395.78]",monthly
2013-08-20,tzamach_global_radiation_Wm2_mean,551.7567567567568,"monthly_IQR month=8 [194.80, 395.78]",monthly
2013-08-21,tzamach_global_radiation_Wm2_mean,497.3972602739726,"monthly_IQR month=8 [194.80, 395.78]",monthly
2013-08-22,tzamach_global_radiation_Wm2_mean,523.5479452054794,"monthly_IQR month=8 [194.80, 395.78]",monthly
2013-08-23,tzamach_global_radiation_Wm2_mean,538.9041095890411,"monthly_IQR month=8 [194.80, 395.78]",monthly
2013-08-24,tzamach_global_radiation_Wm2_mean,467.93150684931504,"monthly_IQR month=8 [194.80, 395.78]",monthly
2013-08-25,tzamach_global_radiation_Wm2_mean,539.0,"monthly_IQR month=8 [194.80, 395.78]",monthly
2013-08-26,tzamach_global_radiation_Wm2_mean,537.972972972973,"monthly_IQR month=8 [194.80, 395.78]",monthly
2013-08-27,tzamach_global_radiation_Wm2_mean,539.2972972972973,"monthly_IQR month=8 [194.80, 395.78]",monthly
2013-08-28,tzamach_global_radiation_Wm2_mean,533.8904109589041,"monthly_IQR month=8 [194.80, 395.78]",monthly
2013-08-29,tzamach_global_radiation_Wm2_mean,507.7397260273973,"monthly_IQR month=8 [194.80, 395.78]",monthly
2013-08-30,tzamach_global_radiation_Wm2_mean,537.9166666666666,"monthly_IQR month=8 [194.80, 395.78]",monthly
2013-08-31,tzamach_global_radiation_Wm2_mean,538.4583333333334,"monthly_IQR month=8 [194.80, 395.78]",monthly
2013-09-01,tzamach_global_radiation_Wm2_mean,519.0845070422536,"monthly_IQR month=9 [156.70, 353.59]",monthly
2013-09-02,tzamach_global_radiation_Wm2_mean,520.9583333333334,"monthly_IQR month=9 [156.70, 353.59]",monthly
2013-09-03,tzamach_global_radiation_Wm2_mean,515.0,"monthly_IQR month=9 [156.70, 353.59]",monthly
2013-09-04,tzamach_global_radiation_Wm2_mean,468.0416666666667,"monthly_IQR month=9 [156.70, 353.59]",monthly
2013-09-05,tzamach_global_radiation_Wm2_mean,505.9861111111111,"monthly_IQR month=9 [156.70, 353.59]",monthly
2013-09-06,tzamach_global_radiation_Wm2_mean,559.7887323943662,"monthly_IQR month=9 [156.70, 353.59]",monthly
2013-09-07,tzamach_global_radiation_Wm2_mean,553.2112676056338,"monthly_IQR month=9 [156.70, 353.59]",monthly
2013-09-08,tzamach_global_radiation_Wm2_mean,550.0985915492957,"monthly_IQR month=9 [156.70, 353.59]",monthly
2013-09-09,tzamach_global_radiation_Wm2_mean,516.4507042253521,"monthly_IQR month=9 [156.70, 353.59]",monthly
2013-09-10,tzamach_global_radiation_Wm2_mean,530.7183098591549,"monthly_IQR month=9 [156.70, 353.59]",monthly
2013-09-11,tzamach_global_radiation_Wm2_mean,525.5428571428571,"monthly_IQR month=9 [156.70, 353.59]",monthly
2013-09-12,tzamach_global_radiation_Wm2_mean,512.3142857142857,"monthly_IQR month=9 [156.70, 353.59]",monthly
2013-09-13,tzamach_global_radiation_Wm2_mean,503.0857142857143,"monthly_IQR month=9 [156.70, 353.59]",monthly
2013-09-14,tzamach_global_radiation_Wm2_mean,513.5857142857143,"monthly_IQR month=9 [156.70, 353.59]",monthly
2013-09-15,tzamach_global_radiation_Wm2_mean,490.4347826086956,"monthly_IQR month=9 [156.70, 353.59]",monthly
2013-09-16,tzamach_global_radiation_Wm2_mean,533.6811594202899,"monthly_IQR month=9 [156.70, 353.59]",monthly
2013-09-17,tzamach_global_radiation_Wm2_mean,511.231884057971,"monthly_IQR month=9 [156.70, 353.59]",monthly
2013-09-18,tzamach_global_radiation_Wm2_mean,472.81159420289856,"monthly_IQR month=9 [156.70, 353.59]",monthly
2013-09-19,tzamach_global_radiation_Wm2_mean,437.4925373134328,"monthly_IQR month=9 [156.70, 353.59]",monthly
2013-09-20,tzamach_global_radiation_Wm2_mean,491.7826086956522,"monthly_IQR month=9 [156.70, 353.59]",monthly
2013-09-21,tzamach_global_radiation_Wm2_mean,381.2238805970149,"monthly_IQR month=9 [156.70, 353.59]",monthly
2013-09-22,tzamach_global_radiation_Wm2_mean,472.8507462686568,"monthly_IQR month=9 [156.70, 353.59]",monthly
2013-09-23,tzamach_global_radiation_Wm2_mean,505.1940298507463,"monthly_IQR month=9 [156.70, 353.59]",monthly
2013-09-24,tzamach_global_radiation_Wm2_mean,392.089552238806,"monthly_IQR month=9 [156.70, 353.59]",monthly
2013-09-25,tzamach_global_radiation_Wm2_mean,443.4264705882353,"monthly_IQR month=9 [156.70, 353.59]",monthly
2013-09-26,tzamach_global_radiation_Wm2_mean,517.8656716417911,"monthly_IQR month=9 [156.70, 353.59]",monthly
2013-09-27,tzamach_global_radiation_Wm2_mean,489.7164179104478,"monthly_IQR month=9 [156.70, 353.59]",monthly
2013-09-28,tzamach_global_radiation_Wm2_mean,436.3134328358209,"monthly_IQR month=9 [156.70, 353.59]",monthly
2013-09-29,tzamach_global_radiation_Wm2_mean,451.0735294117647,"monthly_IQR month=9 [156.70, 353.59]",monthly
2013-09-30,tzamach_global_radiation_Wm2_mean,488.7910447761194,"monthly_IQR month=9 [156.70, 353.59]",monthly
2014-05-06,tzamach_global_radiation_Wm2_mean,91.52777777777776,"monthly_IQR month=5 [180.59, 454.86]",monthly
2014-05-08,tzamach_global_radiation_Wm2_mean,88.92361111111111,"monthly_IQR month=5 [180.59, 454.86]",monthly
2014-06-05,tzamach_global_radiation_Wm2_mean,229.72916666666663,"monthly_IQR month=6 [254.88, 411.78]",monthly
2015-06-28,tzamach_global_radiation_Wm2_mean,241.81944444444449,"monthly_IQR month=6 [254.88, 411.78]",monthly
2015-09-08,tzamach_global_radiation_Wm2_mean,47.96527777777778,"monthly_IQR month=9 [13.20, 31.40]",monthly
2015-10-25,tzamach_global_radiation_Wm2_mean,44.31944444444444,"monthly_IQR month=10 [-1.40, 14.00]",monthly
2016-09-23,tzamach_global_radiation_Wm2_mean,149.59027777777777,"monthly_IQR month=9 [156.70, 353.59]",monthly
2018-04-25,tzamach_global_radiation_Wm2_mean,28.5,"monthly_IQR month=4 [33.69, 508.53]",monthly
2018-05-08,tzamach_global_radiation_Wm2_mean,122.63194444444444,"monthly_IQR month=5 [180.59, 454.86]",monthly
2018-06-12,tzamach_global_radiation_Wm2_mean,226.8958333333333,"monthly_IQR month=6 [254.88, 411.78]",monthly
2018-06-13,tzamach_global_radiation_Wm2_mean,200.76388888888889,"monthly_IQR month=6 [254.88, 411.78]",monthly
2019-05-02,tzamach_global_radiation_Wm2_mean,180.25,"monthly_IQR month=5 [180.59, 454.86]",monthly
2019-06-06,tzamach_global_radiation_Wm2_mean,150.88194444444446,"monthly_IQR month=6 [254.88, 411.78]",monthly
2020-05-05,tzamach_global_radiation_Wm2_mean,105.35416666666669,"monthly_IQR month=5 [180.59, 454.86]",monthly
2020-05-09,tzamach_global_radiation_Wm2_mean,157.90972222222223,"monthly_IQR month=5 [180.59, 454.86]",monthly
2020-07-27,tzamach_global_radiation_Wm2_mean,254.2708333333333,"monthly_IQR month=7 [254.29, 402.22]",monthly
2021-07-24,tzamach_global_radiation_Wm2_mean,207.1458333333333,"monthly_IQR month=7 [254.29, 402.22]",monthly
2021-10-31,tzamach_global_radiation_Wm2_mean,53.3125,"monthly_IQR month=10 [65.84, 323.39]",monthly
2023-05-27,tzamach_global_radiation_Wm2_mean,152.52777777777777,"monthly_IQR month=5 [180.59, 454.86]",monthly
2023-06-02,tzamach_global_radiation_Wm2_mean,217.15972222222223,"monthly_IQR month=6 [254.88, 411.78]",monthly
2023-06-08,tzamach_global_radiation_Wm2_mean,226.3958333333333,"monthly_IQR month=6 [254.88, 411.78]",monthly
2023-06-09,tzamach_global_radiation_Wm2_mean,214.78472222222223,"monthly_IQR month=6 [254.88, 411.78]",monthly
2023-10-29,tzamach_global_radiation_Wm2_mean,62.22916666666666,"monthly_IQR month=10 [65.84, 323.39]",monthly
2024-05-02,tzamach_global_radiation_Wm2_mean,172.30555555555554,"monthly_IQR month=5 [180.59, 454.86]",monthly
2024-07-27,tzamach_global_radiation_Wm2_mean,249.28472222222223,"monthly_IQR month=7 [254.29, 402.22]",monthly
2024-09-06,tzamach_global_radiation_Wm2_mean,357.9230769230769,"monthly_IQR month=9 [156.70, 353.59]",monthly
2013-10-09,tzamach_relative_humidity_pct_mean,14.90277777777778,"monthly_IQR month=10 [4.92, 29.12]",monthly
2015-08-08,tzamach_relative_humidity_pct_mean,40.59027777777778,"monthly_IQR month=8 [45.69, 72.52]",monthly
2015-08-17,tzamach_relative_humidity_pct_mean,40.35416666666666,"monthly_IQR month=8 [45.69, 72.52]",monthly
2016-06-04,tzamach_relative_humidity_pct_mean,26.694444444444443,"monthly_IQR month=6 [34.84, 78.52]",monthly
2016-06-05,tzamach_relative_humidity_pct_mean,28.02083333333333,"monthly_IQR month=6 [34.84, 78.52]",monthly
2016-06-08,tzamach_relative_humidity_pct_mean,31.02777777777778,"monthly_IQR month=6 [34.84, 78.52]",monthly
2016-06-14,tzamach_relative_humidity_pct_mean,30.381944444444443,"monthly_IQR month=6 [34.84, 78.52]",monthly
2016-09-25,tzamach_relative_humidity_pct_mean,29.02777777777778,"monthly_IQR month=9 [39.38, 78.65]",monthly
2017-07-04,tzamach_relative_humidity_pct_mean,38.18055555555556,"monthly_IQR month=7 [40.56, 74.10]",monthly
2017-07-17,tzamach_relative_humidity_pct_mean,39.0,"monthly_IQR month=7 [40.56, 74.10]",monthly
2019-08-16,tzamach_relative_humidity_pct_mean,43.04166666666666,"monthly_IQR month=8 [45.69, 72.52]",monthly
2021-08-04,tzamach_relative_humidity_pct_mean,42.56944444444444,"monthly_IQR month=8 [45.69, 72.52]",monthly
2021-08-05,tzamach_relative_humidity_pct_mean,42.9375,"monthly_IQR month=8 [45.69, 72.52]",monthly
2021-08-06,tzamach_relative_humidity_pct_mean,43.138888888888886,"monthly_IQR month=8 [45.69, 72.52]",monthly
2025-07-18,tzamach_relative_humidity_pct_mean,40.270833333333336,"monthly_IQR month=7 [40.56, 74.10]",monthly
2025-09-22,tzamach_relative_humidity_pct_mean,36.513888888888886,"monthly_IQR month=9 [39.38, 78.65]",monthly
2015-08-02,tzamach_temperature_C_max,44.7,"monthly_IQR month=8 [32.70, 44.08]",monthly
2020-08-30,tzamach_temperature_C_max,44.6,"monthly_IQR month=8 [32.70, 44.08]",monthly
2025-08-13,tzamach_temperature_C_max,45.1,"monthly_IQR month=8 [32.70, 44.08]",monthly
2015-08-03,tzamach_temperature_C_mean,35.954861111111114,"monthly_IQR month=8 [26.26, 35.60]",monthly
2025-08-13,tzamach_temperature_C_mean,35.72847222222222,"monthly_IQR month=8 [32.70, 44.08]",monthly
2015-09-08,tzamach_temperature_C_min,32.1,"monthly_IQR month=9 [13.20, 31.40]",monthly
2015-08-02,tzamach_temperature_max_C_max,44.9,"monthly_IQR month=8 [32.70, 44.08]",monthly
2020-08-30,tzamach_temperature_max_C_max,44.7,"monthly_IQR month=8 [32.70, 44.08]",monthly
2025-08-13,tzamach_temperature_max_C_max,45.2,"monthly_IQR month=8 [32.70, 44.08]",monthly
2015-09-08,tzamach_temperature_min_C_min,32.1,"monthly_IQR month=9 [13.20, 31.40]",monthly
2013-02-04,tzamach_wind_dir_std_deg_mean,32.109027777777776,"monthly_IQR month=2 [2.37, 31.61]",monthly
2013-10-09,tzamach_wind_dir_std_deg_mean,30.06666666666667,"monthly_IQR month=10 [4.92, 29.12]",monthly
2013-10-21,tzamach_wind_dir_std_deg_mean,29.797222222222224,"monthly_IQR month=10 [4.92, 29.12]",monthly
2014-02-02,tzamach_wind_dir_std_deg_mean,34.82152777777778,"monthly_IQR month=2 [2.37, 31.61]",monthly
2014-02-03,tzamach_wind_dir_std_deg_mean,35.293055555555554,"monthly_IQR month=2 [2.37, 31.61]",monthly
2015-02-23,tzamach_wind_dir_std_deg_mean,31.61736111111111,"monthly_IQR month=2 [2.37, 31.61]",monthly
2016-03-02,tzamach_wind_dir_std_deg_mean,32.46180555555556,"monthly_IQR month=3 [2.13, 32.11]",monthly
2017-12-12,tzamach_wind_dir_std_deg_mean,38.90208333333333,"monthly_IQR month=12 [-3.28, 38.63]",monthly
2019-02-05,tzamach_wind_dir_std_deg_mean,35.67638888888889,"monthly_IQR month=2 [2.37, 31.61]",monthly
2020-12-26,tzamach_wind_dir_std_deg_mean,41.144444444444446,"monthly_IQR month=12 [-3.28, 38.63]",monthly
2021-02-03,tzamach_wind_dir_std_deg_mean,32.08611111111111,"monthly_IQR month=2 [2.37, 31.61]",monthly
2021-12-12,tzamach_wind_dir_std_deg_mean,42.62430555555555,"monthly_IQR month=12 [-3.28, 38.63]",monthly
2022-02-02,tzamach_wind_dir_std_deg_mean,31.7125,"monthly_IQR month=2 [2.37, 31.61]",monthly
2022-10-26,tzamach_wind_dir_std_deg_mean,32.18958333333333,"monthly_IQR month=10 [4.92, 29.12]",monthly
2023-10-31,tzamach_wind_dir_std_deg_mean,29.62708333333333,"monthly_IQR month=10 [4.92, 29.12]",monthly
2024-03-01,tzamach_wind_dir_std_deg_mean,33.99722222222223,"monthly_IQR month=3 [2.13, 32.11]",monthly
2025-12-05,tzamach_wind_dir_std_deg_mean,44.47083333333333,"monthly_IQR month=12 [-3.28, 38.63]",monthly
2026-02-16,tzamach_wind_dir_std_deg_mean,33.12430555555555,"monthly_IQR month=2 [2.37, 31.61]",monthly
2026-03-14,tzamach_wind_dir_std_deg_mean,34.61944444444444,"monthly_IQR month=3 [2.13, 32.11]",monthly
2015-10-25,tzamach_wind_gust_speed_ms_max,20.0,"monthly_IQR month=10 [-1.40, 14.00]",monthly
2018-04-26,tzamach_wind_gust_speed_ms_max,22.3,"monthly_IQR month=4 [-1.50, 15.30]",monthly
2019-10-15,tzamach_wind_gust_speed_ms_max,20.2,"monthly_IQR month=10 [-1.40, 14.00]",monthly
2020-03-12,tzamach_wind_gust_speed_ms_max,23.4,"monthly_IQR month=3 [-2.80, 12.60]",monthly
2022-05-15,tzamach_wind_gust_speed_ms_max,20.3,"monthly_IQR month=5 [2.50, 18.60]",monthly
2025-05-12,tzamach_wind_gust_speed_ms_max,19.0,"monthly_IQR month=5 [2.50, 18.60]",monthly
2020-03-12,tzamach_wind_speed_max10min_ms_max,14.3,"monthly_IQR month=3 [-2.80, 12.60]",monthly
2015-10-25,tzamach_wind_speed_max1min_ms_max,14.5,"monthly_IQR month=10 [-1.40, 14.00]",monthly
2018-04-26,tzamach_wind_speed_max1min_ms_max,18.3,"monthly_IQR month=4 [-1.50, 15.30]",monthly
2019-10-15,tzamach_wind_speed_max1min_ms_max,14.8,"monthly_IQR month=10 [-1.40, 14.00]",monthly
2020-03-12,tzamach_wind_speed_max1min_ms_max,17.9,"monthly_IQR month=3 [-2.80, 12.60]",monthly
2016-12-14,tzamach_wind_speed_ms_max,12.4,"monthly_IQR month=12 [-0.77, 4.38]",monthly
2020-03-12,tzamach_wind_speed_ms_max,14.3,"monthly_IQR month=3 [-2.80, 12.60]",monthly
2013-01-07,tzamach_wind_speed_ms_mean,5.614583333333333,"monthly_IQR month=1 [-1.24, 5.05]",monthly
2013-12-01,tzamach_wind_speed_ms_mean,4.459027777777778,"monthly_IQR month=12 [-0.77, 4.38]",monthly
2013-12-13,tzamach_wind_speed_ms_mean,6.427777777777778,"monthly_IQR month=12 [-0.77, 4.38]",monthly
2014-11-26,tzamach_wind_speed_ms_mean,4.770833333333333,"monthly_IQR month=11 [-0.53, 4.16]",monthly
2015-01-06,tzamach_wind_speed_ms_mean,6.113888888888889,"monthly_IQR month=1 [-1.24, 5.05]",monthly
2015-01-07,tzamach_wind_speed_ms_mean,6.606944444444444,"monthly_IQR month=1 [-1.24, 5.05]",monthly
2015-02-11,tzamach_wind_speed_ms_mean,6.825694444444444,"monthly_IQR month=2 [-0.80, 4.56]",monthly
2015-04-23,tzamach_wind_speed_ms_mean,5.158333333333333,"monthly_IQR month=4 [-0.07, 4.45]",monthly
2015-11-02,tzamach_wind_speed_ms_mean,4.290277777777778,"monthly_IQR month=11 [-0.53, 4.16]",monthly
2016-05-23,tzamach_wind_speed_ms_mean,4.911805555555556,"monthly_IQR month=5 [0.15, 4.78]",monthly
2016-12-02,tzamach_wind_speed_ms_mean,5.532638888888889,"monthly_IQR month=12 [-0.77, 4.38]",monthly
2016-12-14,tzamach_wind_speed_ms_mean,4.411111111111111,"monthly_IQR month=12 [-0.77, 4.38]",monthly
2018-10-26,tzamach_wind_speed_ms_mean,4.151388888888889,"monthly_IQR month=10 [0.37, 3.59]",monthly
2018-12-07,tzamach_wind_speed_ms_mean,4.607638888888889,"monthly_IQR month=12 [-0.77, 4.38]",monthly
2019-01-06,tzamach_wind_speed_ms_mean,5.230555555555556,"monthly_IQR month=1 [-1.24, 5.05]",monthly
2019-02-06,tzamach_wind_speed_ms_mean,5.304861111111111,"monthly_IQR month=2 [-0.80, 4.56]",monthly
2019-12-25,tzamach_wind_speed_ms_mean,4.889583333333333,"monthly_IQR month=12 [-0.77, 4.38]",monthly
2019-12-26,tzamach_wind_speed_ms_mean,4.842361111111111,"monthly_IQR month=12 [-0.77, 4.38]",monthly
2022-06-28,tzamach_temperature_C_max,36.8,persistence_4_days_identical,persistence
2022-06-29,tzamach_temperature_C_max,36.8,persistence_4_days_identical,persistence
2022-06-30,tzamach_temperature_C_max,36.8,persistence_4_days_identical,persistence
2022-07-01,tzamach_temperature_C_max,36.8,persistence_4_days_identical,persistence
2019-09-29,tzamach_temperature_max_C_max,34.7,persistence_4_days_identical,persistence
2019-09-30,tzamach_temperature_max_C_max,34.7,persistence_4_days_identical,persistence
2019-10-01,tzamach_temperature_max_C_max,34.7,persistence_4_days_identical,persistence
2019-10-02,tzamach_temperature_max_C_max,34.7,persistence_4_days_identical,persistence
