date,precip_intensity_mm_hr
2012-06-01,0.0
2012-06-02,0.0
2012-06-03,0.0
2012-06-04,0.0
2012-06-05,0.0
2012-06-06,0.0
2012-06-07,0.0
2012-06-08,0.0
2012-06-09,0.0
2012-06-10,0.0
2012-06-11,0.0
2012-06-12,0.0
2012-06-13,0.0
2012-06-14,0.0
2012-06-15,0.0
2012-06-16,0.0
2012-06-17,0.0
2012-06-18,0.0
2012-06-19,0.0
2012-06-20,0.0
2012-06-21,0.0
2012-06-22,0.0
2012-06-23,0.0
2012-06-24,0.0
2012-06-25,0.0
2012-06-26,0.0
2012-06-27,0.0
2012-06-28,0.0
2012-06-29,0.0
2012-06-30,0.0
2012-07-01,0.0
2012-07-02,0.0
2012-07-03,0.0
2012-07-04,0.0
2012-07-05,0.0
2012-07-06,0.0
2012-07-07,0.0
2012-07-08,0.0
2012-07-09,0.0
2012-07-10,0.0
2012-07-11,0.0
2012-07-12,0.0
2012-07-13,0.0
2012-07-14,0.0
2012-07-15,0.0
2012-07-16,0.0
2012-07-17,0.0
2012-07-18,0.0
2012-07-19,0.0
2012-07-20,0.0
2012-07-21,0.0
2012-07-22,0.0
2012-07-23,0.0
2012-07-24,0.0
2012-07-25,0.0
2012-07-26,0.0
2012-07-27,0.0
2012-07-28,0.0
2012-07-29,0.0
2012-07-30,0.0
2012-07-31,0.0
2012-08-01,0.0
2012-08-02,0.0
2012-08-03,0.0
2012-08-04,0.0
2012-08-05,0.0
2012-08-06,0.0
2012-08-07,0.0
2012-08-08,0.0
2012-08-09,0.0
2012-08-10,0.0
2012-08-11,0.0
2012-08-12,0.0
2012-08-13,0.0
2012-08-14,0.0
2012-08-15,0.0
2012-08-16,0.0
2012-08-17,0.0
2012-08-18,0.0
2012-08-19,0.0
2012-08-20,0.0
2012-08-21,0.0
2012-08-22,0.0
2012-08-23,0.0
2012-08-24,0.0
2012-08-25,0.0
2012-08-26,0.0
2012-08-27,0.0
2012-08-28,0.0
2012-08-29,0.0
2012-08-30,0.0
2012-08-31,0.0
2012-09-01,0.0
2012-09-02,0.0
2012-09-03,0.0
2012-09-04,0.0
2012-09-05,0.0
2012-09-06,0.0
2012-09-07,0.0
2012-09-08,0.0
2012-09-09,0.0
2012-09-10,0.0
2012-09-11,0.0
2012-09-12,0.0
2012-09-13,0.0
2012-09-14,0.0
2012-09-15,0.0
2012-09-16,0.0
2012-09-17,0.0
2012-09-18,0.0
2012-09-19,0.0
2012-09-20,0.0
2012-09-21,0.0
2012-09-22,0.0
2012-09-23,0.0
2012-09-24,0.0
2012-09-25,0.0
2012-09-26,0.0
2012-09-27,0.0
2012-09-28,0.0
2012-09-29,0.0
2012-09-30,0.0
2012-10-01,0.0
2012-10-02,0.0
2012-10-03,0.0
2012-10-04,0.0
2012-10-05,0.0
2012-10-06,0.0
2012-10-07,0.0
2012-10-08,0.8666666666666667
2012-10-09,1.0333333333333334
2012-10-10,0.0
2012-10-11,0.0
2012-10-12,0.5666666666666667
2012-10-13,0.0
2012-10-14,0.0
2012-10-15,0.9999999999999999
2012-10-16,0.0
2012-10-17,0.0
2012-10-18,0.0
2012-10-19,0.0
2012-10-20,0.0
2012-10-21,0.3666666666666667
2012-10-22,0.0
2012-10-23,0.0
2012-10-24,0.0
2012-10-25,2.1333333333333333
2012-10-26,5.266666666666667
2012-10-27,0.03333333333333333
2012-10-28,0.0
2012-10-29,0.0
2012-10-30,0.0
2012-10-31,0.0
2012-11-01,0.0
2012-11-02,0.0
2012-11-03,0.0
2012-11-04,0.0
2012-11-05,0.0
2012-11-06,0.1
2012-11-07,0.0
2012-11-08,0.0
2012-11-09,25.6
2012-11-10,13.0
2012-11-11,8.966666666666667
2012-11-12,0.5
2012-11-13,0.033333333333333305
2012-11-14,0.0
2012-11-15,0.0
2012-11-16,0.0
2012-11-17,0.0
2012-11-18,0.16666666666666663
2012-11-19,0.0
2012-11-20,0.0
2012-11-21,0.0
2012-11-22,2.7333333333333334
2012-11-23,5.166666666666666
2012-11-24,2.566666666666667
2012-11-25,0.7666666666666666
2012-11-26,0.03333333333333333
2012-11-27,0.0
2012-11-28,0.0
2012-11-29,0.0
2012-11-30,0.0
2012-12-01,0.0
2012-12-02,0.0
2012-12-03,0.0
2012-12-04,7.8
2012-12-05,0.0
2012-12-06,2.8
2012-12-07,0.8333333333333333
2012-12-08,8.233333333333333
2012-12-09,0.0
2012-12-10,2.9333333333333336
2012-12-11,4.566666666666666
2012-12-12,0.0
2012-12-13,0.033333333333333263
2012-12-14,2.9000000000000004
2012-12-15,0.0
2012-12-16,0.0
2012-12-17,0.0
2012-12-18,0.0
2012-12-19,0.0
2012-12-20,5.466666666666667
2012-12-21,3.933333333333333
2012-12-22,1.2999999999999994
2012-12-23,0.03333333333333261
2012-12-24,0.0
2012-12-25,1.9333333333333325
2012-12-26,0.0
2012-12-27,0.033333333333332556
2012-12-28,0.0
2012-12-29,0.0
2012-12-30,0.0
2012-12-31,0.033333333333332556
2013-01-01,0.0
2013-01-02,0.0
2013-01-03,0.0
2013-01-04,0.0
2013-01-05,5.7333333333333325
2013-01-06,5.666666666666666
2013-01-07,7.199999999999999
2013-01-08,6.3
2013-01-09,1.8333333333333328
2013-01-10,0.2333333333333329
2013-01-11,0.0
2013-01-12,0.0
2013-01-13,0.0
2013-01-14,0.0
2013-01-15,0.0
2013-01-16,0.0
2013-01-17,0.0
2013-01-18,0.0
2013-01-19,0.0
2013-01-20,0.0
2013-01-21,0.0
2013-01-22,0.0
2013-01-23,0.0
2013-01-24,0.0
2013-01-25,0.0
2013-01-26,0.0
2013-01-27,0.19999999999999954
2013-01-28,0.0
2013-01-29,0.6333333333333329
2013-01-30,1.3999999999999995
2013-01-31,4.633333333333333
2013-02-01,1.366666666666666
2013-02-02,0.0
2013-02-03,0.0
2013-02-04,0.0
2013-02-05,0.0
2013-02-06,1.2666666666666662
2013-02-07,0.03333333333333272
2013-02-08,0.0
2013-02-09,0.0
2013-02-10,0.0
2013-02-11,0.03333333333333272
2013-02-12,0.2999999999999994
2013-02-13,0.0
2013-02-14,0.0
2013-02-15,0.13333333333333272
2013-02-16,1.4999999999999996
2013-02-17,0.23333333333333267
2013-02-18,0.166666666666666
2013-02-19,0.03333333333333267
2013-02-20,0.0
2013-02-21,0.0
2013-02-22,0.0
2013-02-23,0.166666666666666
2013-02-24,0.03333333333333267
2013-02-25,0.0
2013-02-26,0.0
2013-02-27,0.03333333333333267
2013-02-28,0.0
2013-03-01,0.0
2013-03-02,0.0
2013-03-03,0.0
2013-03-04,0.0
2013-03-05,0.46666666666666595
2013-03-06,0.0
2013-03-07,0.0
2013-03-08,0.0
2013-03-09,0.0
2013-03-10,0.0
2013-03-11,0.0
2013-03-12,0.0
2013-03-13,0.0
2013-03-14,0.0
2013-03-15,0.0
2013-03-16,0.09999999999999933
2013-03-17,0.9999999999999992
2013-03-18,0.0
2013-03-19,0.0
2013-03-20,0.0
2013-03-21,0.0
2013-03-22,0.0
2013-03-23,0.5333333333333327
2013-03-24,0.49999999999999933
2013-03-25,0.0
2013-03-26,0.0
2013-03-27,0.066666666666666
2013-03-28,0.0
2013-03-29,0.0
2013-03-30,0.0
2013-03-31,0.0
2013-04-01,0.0
2013-04-02,0.0
2013-04-03,0.0
2013-04-04,1.1333333333333326
2013-04-05,0.6666666666666661
2013-04-06,0.0
2013-04-07,0.0
2013-04-08,0.0
2013-04-09,0.0
2013-04-10,0.0
2013-04-11,0.0
2013-04-12,0.0
2013-04-13,0.0
2013-04-14,0.0
2013-04-15,0.0
2013-04-16,0.4999999999999994
2013-04-17,4.566666666666666
2013-04-18,0.26666666666666644
2013-04-19,1.0999999999999996
2013-04-20,6.766666666666667
2013-04-21,0.6666666666666667
2013-04-22,1.4333333333333333
2013-04-23,0.0
2013-04-24,0.0
2013-04-25,0.0
2013-04-26,0.0
2013-04-27,0.0
2013-04-28,0.0
2013-04-29,0.06666666666666665
2013-04-30,0.0
2013-05-01,0.0
2013-05-02,0.0
2013-05-03,0.0
2013-05-04,0.0
2013-05-05,0.0
2013-05-06,0.0
2013-05-07,0.0
2013-05-08,0.0
2013-05-09,0.0
2013-05-10,0.0
2013-05-11,0.03333333333333332
2013-05-12,0.0
2013-05-13,0.6
2013-05-14,0.0
2013-05-15,7.699999999999999
2013-05-16,0.0
2013-05-17,0.0
2013-05-18,0.0
2013-05-19,0.0
2013-05-20,0.0
2013-05-21,0.0
2013-05-22,0.0
2013-05-23,0.0
2013-05-24,0.0
2013-05-25,0.0
2013-05-26,0.0
2013-05-27,0.0
2013-05-28,0.0
2013-05-29,0.0
2013-05-30,0.0
2013-05-31,0.0
2013-06-01,0.0
2013-06-02,0.0
2013-06-03,0.0
2013-06-04,0.0
2013-06-05,0.0
2013-06-06,0.0
2013-06-07,0.0
2013-06-08,0.0
2013-06-09,0.0
2013-06-10,0.0
2013-06-11,0.0
2013-06-12,0.0
2013-06-13,0.0
2013-06-14,0.0
2013-06-15,0.0
2013-06-16,0.0
2013-06-17,0.0
2013-06-18,0.0
2013-06-19,0.0
2013-06-20,0.0
2013-06-21,0.0
2013-06-22,0.0
2013-06-23,0.0
2013-06-24,0.0
2013-06-25,0.0
2013-06-26,0.0
2013-06-27,0.0
2013-06-28,0.0
2013-06-29,0.0
2013-06-30,0.0
2013-07-01,0.0
2013-07-02,0.0
2013-07-03,0.0
2013-07-04,0.0
2013-07-05,0.0
2013-07-06,0.0
2013-07-07,0.0
2013-07-08,0.0
2013-07-09,0.0
2013-07-10,0.0
2013-07-11,0.0
2013-07-12,0.0
2013-07-13,0.0
2013-07-14,0.0
2013-07-15,0.0
2013-07-16,0.0
2013-07-17,0.0
2013-07-18,0.0
2013-07-19,0.0
2013-07-20,0.0
2013-07-21,0.0
2013-07-22,1.3666666666666667
2013-07-23,0.0
2013-07-24,0.0
2013-07-25,0.0
2013-07-26,0.0
2013-07-27,0.0
2013-07-28,0.0
2013-07-29,0.0
2013-07-30,0.0
2013-07-31,0.0
2013-08-01,0.0
2013-08-02,0.0
2013-08-03,0.0
2013-08-04,0.0
2013-08-05,0.0
2013-08-06,0.0
2013-08-07,0.0
2013-08-08,0.0
2013-08-09,0.0
2013-08-10,0.0
2013-08-11,0.0
2013-08-12,0.0
2013-08-13,0.0
2013-08-14,0.0
2013-08-15,0.0
2013-08-16,0.0
2013-08-17,0.0
2013-08-18,0.0
2013-08-19,0.0
2013-08-20,0.0
2013-08-21,0.0
2013-08-22,0.0
2013-08-23,0.0
2013-08-24,0.0
2013-08-25,0.0
2013-08-26,0.0
2013-08-27,0.0
2013-08-28,0.0
2013-08-29,0.0
2013-08-30,0.0
2013-08-31,0.0
2013-09-01,0.0
2013-09-02,0.0
2013-09-03,0.0
2013-09-04,0.0
2013-09-05,0.0
2013-09-06,0.0
2013-09-07,0.0
2013-09-08,0.0
2013-09-09,0.0
2013-09-10,0.0
2013-09-11,0.0
2013-09-12,0.0
2013-09-13,0.0
2013-09-14,0.0
2013-09-15,0.0
2013-09-16,0.0
2013-09-17,0.0
2013-09-18,0.0
2013-09-19,0.0
2013-09-20,0.0
2013-09-21,0.2333333333333333
2013-09-22,0.0
2013-09-23,0.0
2013-09-24,0.0
2013-09-25,0.0
2013-09-26,0.0
2013-09-27,0.0
2013-09-28,0.0
2013-09-29,0.0
2013-09-30,0.0
2013-10-01,0.3666666666666667
2013-10-02,0.0
2013-10-03,0.0
2013-10-04,0.0
2013-10-05,0.0
2013-10-06,0.0
2013-10-07,0.0
2013-10-08,0.0
2013-10-09,0.0
2013-10-10,0.0
2013-10-11,0.0
2013-10-12,0.0
2013-10-13,0.0
2013-10-14,0.0
2013-10-15,0.0
2013-10-16,0.0
2013-10-17,0.0
2013-10-18,0.09999999999999999
2013-10-19,0.0
2013-10-20,0.0
2013-10-21,0.0
2013-10-22,0.0
2013-10-23,0.8333333333333334
2013-10-24,0.0
2013-10-25,0.0
2013-10-26,0.0
2013-10-27,0.0
2013-10-28,0.0
2013-10-29,0.0
2013-10-30,0.16666666666666666
2013-10-31,5.8
2013-11-01,2.4
2013-11-02,0.0
2013-11-03,0.0
2013-11-04,0.0
2013-11-05,0.0
2013-11-06,0.0
2013-11-07,0.0
2013-11-08,0.23333333333333334
2013-11-09,0.0
2013-11-10,0.0
2013-11-11,0.0
2013-11-12,0.0
2013-11-13,0.0
2013-11-14,0.0
2013-11-15,0.0
2013-11-16,0.0
2013-11-17,0.0
2013-11-18,0.06666666666666667
2013-11-19,0.0
2013-11-20,0.0
2013-11-21,0.0
2013-11-22,0.03333333333333333
2013-11-23,0.03333333333333333
2013-11-24,0.0
2013-11-25,0.0
2013-11-26,0.0
2013-11-27,0.0
2013-11-28,0.0
2013-11-29,0.0
2013-11-30,0.0
2013-12-01,0.0
2013-12-02,0.0
2013-12-03,0.7
2013-12-04,0.39999999999999997
2013-12-05,6.3
2013-12-06,0.6333333333333333
2013-12-07,1.0999999999999999
2013-12-08,8.466666666666667
2013-12-09,0.03333333333333289
2013-12-10,0.49999999999999956
2013-12-11,2.9999999999999996
2013-12-12,1.2999999999999996
2013-12-13,3.9666666666666663
2013-12-14,4.7333333333333325
2013-12-15,0.0
2013-12-16,0.0
2013-12-17,0.0
2013-12-18,0.0
2013-12-19,0.0
2013-12-20,0.0
2013-12-21,0.0
2013-12-22,0.0
2013-12-23,0.0
2013-12-24,0.0
2013-12-25,0.0
2013-12-26,0.0
2013-12-27,0.0
2013-12-28,0.06666666666666622
2013-12-29,0.8333333333333328
2013-12-30,0.33333333333333287
2013-12-31,0.06666666666666618
2014-01-01,0.0
2014-01-02,0.0
2014-01-03,0.0
2014-01-04,0.0
2014-01-05,0.0
2014-01-06,0.0
2014-01-07,0.0
2014-01-08,0.0
2014-01-09,0.09999999999999952
2014-01-10,0.0
2014-01-11,0.0
2014-01-12,0.7499999999999996
2014-01-13,0.0
2014-01-14,0.0
2014-01-15,0.0
2014-01-16,0.0
2014-01-17,0.0
2014-01-18,0.0
2014-01-19,0.0
2014-01-20,0.0
2014-01-21,0.0
2014-01-22,0.0
2014-01-23,0.0
2014-01-24,0.0
2014-01-25,0.0
2014-01-26,0.0
2014-01-27,0.0
2014-01-28,4.2
2014-01-29,0.09999999999999956
2014-01-30,0.0
2014-01-31,0.03333333333333289
2014-02-01,0.0
2014-02-02,0.0
2014-02-03,0.3666666666666662
2014-02-04,0.0
2014-02-05,0.0
2014-02-06,0.0
2014-02-07,0.0
2014-02-08,0.0
2014-02-09,0.0
2014-02-10,0.0
2014-02-11,0.0
2014-02-12,0.0
2014-02-13,0.0
2014-02-14,0.0
2014-02-15,3.1666666666666665
2014-02-16,0.06666666666666611
2014-02-17,0.0
2014-02-18,0.0
2014-02-19,0.0
2014-02-20,0.0
2014-02-21,0.0
2014-02-22,0.0
2014-02-23,0.0
2014-02-24,0.0
2014-02-25,0.0
2014-02-26,0.0
2014-02-27,0.0
2014-02-28,0.0
2014-03-01,0.0
2014-03-02,0.0
2014-03-03,0.0
2014-03-04,0.0
2014-03-05,0.0
2014-03-06,0.0
2014-03-07,0.0
2014-03-08,0.0
2014-03-09,2.3999999999999995
2014-03-10,10.0
2014-03-11,0.0
2014-03-12,4.8999999999999995
2014-03-13,5.1
2014-03-14,0.2999999999999996
2014-03-15,0.0
2014-03-16,0.0
2014-03-17,0.0
2014-03-18,0.0
2014-03-19,0.0
2014-03-20,0.0
2014-03-21,0.0
2014-03-22,0.0
2014-03-23,0.0
2014-03-24,0.0
2014-03-25,0.0
2014-03-26,0.0
2014-03-27,0.0
2014-03-28,0.0
2014-03-29,0.0
2014-03-30,1.6999999999999995
2014-03-31,0.0
2014-04-01,0.0
2014-04-02,0.0
2014-04-03,0.0
2014-04-04,0.0
2014-04-05,0.0
2014-04-06,0.0
2014-04-07,0.0
2014-04-08,0.0
2014-04-09,0.0
2014-04-10,0.0
2014-04-11,0.0
2014-04-12,0.0
2014-04-13,0.0
2014-04-14,0.0
2014-04-15,0.0
2014-04-16,0.0
2014-04-17,0.0
2014-04-18,0.0
2014-04-19,0.0
2014-04-20,0.0
2014-04-21,0.0
2014-04-22,0.0
2014-04-23,0.0
2014-04-24,0.0
2014-04-25,0.0
2014-04-26,0.0
2014-04-27,0.0
2014-04-28,0.0
2014-04-29,0.0
2014-04-30,0.0
2014-05-01,0.0
2014-05-02,0.0
2014-05-03,0.0
2014-05-04,0.0
2014-05-05,0.0
2014-05-06,0.0
2014-05-07,0.0
2014-05-08,12.899999999999999
2014-05-09,0.0
2014-05-10,0.0
2014-05-11,0.0
2014-05-12,0.0
2014-05-13,0.0
2014-05-14,0.0
2014-05-15,0.0
2014-05-16,0.0
2014-05-17,0.0
2014-05-18,0.0
2014-05-19,0.0
2014-05-20,0.0
2014-05-21,0.09999999999999912
2014-05-22,0.0
2014-05-23,0.0
2014-05-24,0.0
2014-05-25,0.0
2014-05-26,0.0
2014-05-27,0.0
2014-05-28,0.0
2014-05-29,0.0
2014-05-30,0.0
2014-05-31,0.0
2014-06-01,0.0
2014-06-02,0.0
2014-06-03,0.0
2014-06-04,0.0
2014-06-05,0.0
2014-06-06,0.0
2014-06-07,0.0
2014-06-08,0.0
2014-06-09,0.0
2014-06-10,0.0
2014-06-11,0.0
2014-06-12,0.0
2014-06-13,0.0
2014-06-14,0.0
2014-06-15,0.0
2014-06-16,0.0
2014-06-17,0.0
2014-06-18,0.0
2014-06-19,0.0
2014-06-20,0.0
2014-06-21,0.0
2014-06-22,0.0
2014-06-23,0.0
2014-06-24,0.0
2014-06-25,0.0
2014-06-26,0.0
2014-06-27,0.0
2014-06-28,0.0
2014-06-29,0.0
2014-06-30,0.0
2014-07-01,0.0
2014-07-02,0.0
2014-07-03,0.0
2014-07-04,0.0
2014-07-05,0.0
2014-07-06,0.0
2014-07-07,0.0
2014-07-08,0.0
2014-07-09,0.0
2014-07-10,0.0
2014-07-11,0.0
2014-07-12,0.0
2014-07-13,0.0
2014-07-14,0.0
2014-07-15,0.0
2014-07-16,0.0
2014-07-17,0.0
2014-07-18,0.0
2014-07-19,0.0
2014-07-20,0.0
2014-07-21,0.0
2014-07-22,0.0
2014-07-23,0.0
2014-07-24,0.0
2014-07-25,0.0
2014-07-26,0.0
2014-07-27,0.0
2014-07-28,0.0
2014-07-29,0.0
2014-07-30,0.0
2014-07-31,0.0
2014-08-01,0.0
2014-08-02,0.0
2014-08-03,0.0
2014-08-04,0.0
2014-08-05,0.0
2014-08-06,0.0
2014-08-07,0.0
2014-08-08,0.0
2014-08-09,0.0
2014-08-10,0.0
2014-08-11,0.0
2014-08-12,0.0
2014-08-13,0.0
2014-08-14,0.0
2014-08-15,0.0
2014-08-16,0.0
2014-08-17,0.0
2014-08-18,0.0
2014-08-19,0.0
2014-08-20,0.0
2014-08-21,0.0
2014-08-22,0.0
2014-08-23,0.0
2014-08-24,0.0
2014-08-25,0.0
2014-08-26,0.0
2014-08-27,0.0
2014-08-28,0.0
2014-08-29,0.0
2014-08-30,0.0
2014-08-31,0.0
2014-09-01,0.0
2014-09-02,0.0
2014-09-03,0.0
2014-09-04,0.0
2014-09-05,0.0
2014-09-06,0.0
2014-09-07,0.0
2014-09-08,0.0
2014-09-09,0.0
2014-09-10,0.0
2014-09-11,0.0
2014-09-12,0.0
2014-09-13,0.0
2014-09-14,0.0
2014-09-15,0.0
2014-09-16,0.0
2014-09-17,0.0
2014-09-18,0.0
2014-09-19,0.0
2014-09-20,0.0
2014-09-21,0.0
2014-09-22,0.0
2014-09-23,0.0
2014-09-24,0.0
2014-09-25,0.0
2014-09-26,0.0
2014-09-27,0.0
2014-09-28,0.0
2014-09-29,0.0
2014-09-30,0.0
2014-10-01,0.9999999999999991
2014-10-02,0.0
2014-10-03,0.0
2014-10-04,0.0
2014-10-05,0.0
2014-10-06,0.0
2014-10-07,0.0
2014-10-08,0.5999999999999991
2014-10-09,0.0
2014-10-10,0.7999999999999992
2014-10-11,0.0
2014-10-12,0.0
2014-10-13,0.0
2014-10-14,0.0
2014-10-15,3.999999999999999
2014-10-16,0.0
2014-10-17,0.0
2014-10-18,0.0
2014-10-19,1.8999999999999986
2014-10-20,0.0
2014-10-21,0.0
2014-10-22,0.0
2014-10-23,0.0
2014-10-24,0.0
2014-10-25,0.0
2014-10-26,0.0
2014-10-27,0.0
2014-10-28,0.0
2014-10-29,0.0
2014-10-30,0.0
2014-10-31,2.8999999999999986
2014-11-01,3.0999999999999988
2014-11-02,0.8999999999999987
2014-11-03,6.299999999999999
2014-11-04,0.133333333333332
2014-11-05,0.0
2014-11-06,0.0
2014-11-07,0.0
2014-11-08,0.0
2014-11-09,0.0
2014-11-10,0.0
2014-11-11,0.0
2014-11-12,0.0
2014-11-13,0.0
2014-11-14,0.0
2014-11-15,0.0
2014-11-16,4.499999999999998
2014-11-17,0.0
2014-11-18,0.0
2014-11-19,0.0
2014-11-20,0.0
2014-11-21,0.8999999999999988
2014-11-22,2.699999999999999
2014-11-23,1.9999999999999987
2014-11-24,0.0
2014-11-25,2.3999999999999986
2014-11-26,2.799999999999999
2014-11-27,2.5999999999999988
2014-11-28,0.09999999999999867
2014-11-29,0.0
2014-11-30,0.0
2014-12-01,1.0999999999999988
2014-12-02,0.0
2014-12-03,0.0
2014-12-04,0.0
2014-12-05,0.0
2014-12-06,0.0
2014-12-07,0.0
2014-12-08,0.0
2014-12-09,0.09999999999999862
2014-12-10,0.0
2014-12-11,0.0
2014-12-12,0.19999999999999862
2014-12-13,0.8999999999999987
2014-12-14,2.5999999999999983
2014-12-15,0.0
2014-12-16,0.0
2014-12-17,0.0
2014-12-18,0.0
2014-12-19,0.0
2014-12-20,0.0
2014-12-21,0.033333333333332
2014-12-22,6.399999999999999
2014-12-23,0.0
2014-12-24,0.0
2014-12-25,0.0
2014-12-26,0.0
2014-12-27,0.0
2014-12-28,0.19999999999999868
2014-12-29,0.0
2014-12-30,0.0
2014-12-31,0.0
2015-01-01,0.0
2015-01-02,0.5999999999999988
2015-01-03,1.7999999999999987
2015-01-04,1.1999999999999988
2015-01-05,1.733333333333332
2015-01-06,0.0
2015-01-07,2.7999999999999985
2015-01-08,0.8999999999999986
2015-01-09,0.6999999999999986
2015-01-10,3.799999999999999
2015-01-11,7.899999999999999
2015-01-12,0.0
2015-01-13,0.0
2015-01-14,0.0
2015-01-15,1.0999999999999988
2015-01-16,0.0
2015-01-17,0.0
2015-01-18,0.0
2015-01-19,0.0
2015-01-20,0.0
2015-01-21,0.0
2015-01-22,0.0
2015-01-23,0.0
2015-01-24,0.0
2015-01-25,0.0
2015-01-26,0.0
2015-01-27,0.0
2015-01-28,0.0
2015-01-29,0.0
2015-01-30,0.0
2015-01-31,0.0
2015-02-01,0.0
2015-02-02,0.0
2015-02-03,0.0
2015-02-04,0.0
2015-02-05,0.0
2015-02-06,0.0
2015-02-07,0.0
2015-02-08,0.0
2015-02-09,0.0
2015-02-10,0.0
2015-02-11,2.9999999999999987
2015-02-12,4.199999999999998
2015-02-13,5.799999999999998
2015-02-14,5.699999999999999
2015-02-15,0.19999999999999868
2015-02-16,0.7999999999999987
2015-02-17,3.899999999999999
2015-02-18,1.6999999999999986
2015-02-19,2.2999999999999985
2015-02-20,3.999999999999999
2015-02-21,0.09999999999999867
2015-02-22,0.0
2015-02-23,0.0
2015-02-24,0.09999999999999867
2015-02-25,2.299999999999999
2015-02-26,0.0
2015-02-27,0.0
2015-02-28,0.0
2015-03-01,0.0
2015-03-02,0.0
2015-03-03,0.0
2015-03-04,0.3999999999999988
2015-03-05,0.0
2015-03-06,0.0
2015-03-07,0.0
2015-03-08,0.0
2015-03-09,0.0
2015-03-10,0.0
2015-03-11,0.0
2015-03-12,1.9999999999999987
2015-03-13,0.0
2015-03-14,0.0
2015-03-15,0.0
2015-03-16,0.0
2015-03-17,0.0
2015-03-18,0.0
2015-03-19,0.0
2015-03-20,0.0
2015-03-21,0.2999999999999988
2015-03-22,1.6999999999999988
2015-03-23,0.0
2015-03-24,0.0
2015-03-25,0.0
2015-03-26,0.0
2015-03-27,0.0
2015-03-28,0.0
2015-03-29,0.0
2015-03-30,0.0
2015-03-31,0.09999999999999878
2015-04-01,3.4999999999999987
2015-04-02,0.0
2015-04-03,0.0
2015-04-04,0.0
2015-04-05,0.0
2015-04-06,0.0
2015-04-07,0.0
2015-04-08,0.0
2015-04-09,0.0
2015-04-10,2.8999999999999986
2015-04-11,6.099999999999999
2015-04-12,6.799999999999999
2015-04-13,0.0
2015-04-14,0.0
2015-04-15,0.0
2015-04-16,0.0
2015-04-17,0.0
2015-04-18,0.0
2015-04-19,0.0
2015-04-20,0.0
2015-04-21,0.0
2015-04-22,0.0
2015-04-23,0.5999999999999988
2015-04-24,1.8999999999999986
2015-04-25,0.0
2015-04-26,0.0
2015-04-27,0.0
2015-04-28,0.0
2015-04-29,0.0
2015-04-30,0.0
2015-05-01,0.0
2015-05-02,0.0
2015-05-03,0.0
2015-05-04,0.0
2015-05-05,0.0
2015-05-06,0.0
2015-05-07,0.0
2015-05-08,0.0
2015-05-09,0.0
2015-05-10,0.0
2015-05-11,0.3999999999999987
2015-05-12,0.0
2015-05-13,0.0
2015-05-14,2.2999999999999985
2015-05-15,0.0
2015-05-16,0.0
2015-05-17,0.0
2015-05-18,0.0
2015-05-19,0.0
2015-05-20,0.0
2015-05-21,0.0
2015-05-22,0.0
2015-05-23,0.0
2015-05-24,0.0
2015-05-25,0.0
2015-05-26,0.0
2015-05-27,0.0
2015-05-28,0.0
2015-05-29,0.0
2015-05-30,0.0
2015-05-31,0.0
2015-06-01,0.0
2015-06-02,0.0
2015-06-03,0.0
2015-06-04,0.0
2015-06-05,0.0
2015-06-06,0.0
2015-06-07,0.0
2015-06-08,0.0
2015-06-09,0.0
2015-06-10,0.0
2015-06-11,0.0
2015-06-12,0.0
2015-06-13,0.0
2015-06-14,0.0
2015-06-15,0.0
2015-06-16,0.0
2015-06-17,0.0
2015-06-18,0.0
2015-06-19,0.0
2015-06-20,0.0
2015-06-21,0.0
2015-06-22,0.0
2015-06-23,0.0
2015-06-24,0.0
2015-06-25,0.0
2015-06-26,0.0
2015-06-27,0.0
2015-06-28,0.0
2015-06-29,0.0
2015-06-30,0.0
2015-07-01,0.0
2015-07-02,0.0
2015-07-03,0.0
2015-07-04,0.0
2015-07-05,0.0
2015-07-06,0.0
2015-07-07,0.0
2015-07-08,0.0
2015-07-09,0.0
2015-07-10,0.0
2015-07-11,0.0
2015-07-12,0.0
2015-07-13,0.0
2015-07-14,0.0
2015-07-15,0.0
2015-07-16,0.0
2015-07-17,0.0
2015-07-18,0.0
2015-07-19,0.0
2015-07-20,0.0
2015-07-21,0.0
2015-07-22,0.0
2015-07-23,0.0
2015-07-24,0.0
2015-07-25,0.0
2015-07-26,0.0
2015-07-27,0.0
2015-07-28,0.0
2015-07-29,0.0
2015-07-30,0.0
2015-07-31,0.0
2015-08-01,0.0
2015-08-02,0.0
2015-08-03,0.0
2015-08-04,0.0
2015-08-05,0.0
2015-08-06,0.0
2015-08-07,0.0
2015-08-08,0.0
2015-08-09,0.0
2015-08-10,0.0
2015-08-11,0.0
2015-08-12,0.0
2015-08-13,0.0
2015-08-14,0.0
2015-08-15,0.0
2015-08-16,0.0
2015-08-17,0.0
2015-08-18,0.0
2015-08-19,0.0
2015-08-20,0.0
2015-08-21,0.0
2015-08-22,0.0
2015-08-23,0.0
2015-08-24,0.0
2015-08-25,0.0
2015-08-26,0.0
2015-08-27,0.0
2015-08-28,0.0
2015-08-29,0.0
2015-08-30,0.0
2015-08-31,0.0
2015-09-01,0.0
2015-09-02,0.0
2015-09-03,0.0
2015-09-04,0.0
2015-09-05,0.0
2015-09-06,0.0
2015-09-07,0.0
2015-09-08,0.0
2015-09-09,0.0
2015-09-10,0.0
2015-09-11,0.0
2015-09-12,0.0
2015-09-13,0.0
2015-09-14,0.0
2015-09-15,0.0
2015-09-16,0.0
2015-09-17,0.0
2015-09-18,0.0
2015-09-19,0.0
2015-09-20,0.0
2015-09-21,0.0
2015-09-22,0.0
2015-09-23,0.0
2015-09-24,0.0
2015-09-25,0.0
2015-09-26,0.0
2015-09-27,0.0
2015-09-28,0.0
2015-09-29,0.0
2015-09-30,0.0
2015-10-01,0.0
2015-10-02,0.0
2015-10-03,0.0
2015-10-04,0.0
2015-10-05,0.0
2015-10-06,0.0
2015-10-07,1.7999999999999987
2015-10-08,0.0
2015-10-09,0.09999999999999867
2015-10-10,0.0
2015-10-11,0.0
2015-10-12,0.09999999999999867
2015-10-13,0.0
2015-10-14,0.0
2015-10-15,0.0
2015-10-16,0.0
2015-10-17,0.0
2015-10-18,0.0
2015-10-19,0.09999999999999867
2015-10-20,0.0
2015-10-21,0.0
2015-10-22,0.0
2015-10-23,0.0
2015-10-24,0.0
2015-10-25,2.0999999999999988
2015-10-26,0.09999999999999867
2015-10-27,0.09999999999999867
2015-10-28,0.0
2015-10-29,3.9999999999999987
2015-10-30,0.0
2015-10-31,0.0
2015-11-01,0.0
2015-11-02,0.0
2015-11-03,0.0
2015-11-04,6.399999999999999
2015-11-05,0.0
2015-11-06,0.0
2015-11-07,0.0
2015-11-08,0.09999999999999867
2015-11-09,8.299999999999999
2015-11-10,0.4999999999999991
2015-11-11,0.0
2015-11-12,0.0
2015-11-13,0.0
2015-11-14,0.0
2015-11-15,0.0
2015-11-16,0.39999999999999913
2015-11-17,0.09999999999999912
2015-11-18,0.0
2015-11-19,0.0
2015-11-20,0.0
2015-11-21,0.0
2015-11-22,0.0
2015-11-23,0.0
2015-11-24,0.0
2015-11-25,0.0
2015-11-26,0.0
2015-11-27,0.0
2015-11-28,0.0
2015-11-29,0.0
2015-11-30,0.6999999999999991
2015-12-01,3.999999999999999
2015-12-02,0.0
2015-12-03,0.19999999999999918
2015-12-04,0.09999999999999917
2015-12-05,0.0
2015-12-06,0.0
2015-12-07,0.0
2015-12-08,0.0
2015-12-09,0.0
2015-12-10,0.0
2015-12-11,0.0
2015-12-12,0.0
2015-12-13,0.0
2015-12-14,0.0
2015-12-15,0.0
2015-12-16,0.0
2015-12-17,0.0
2015-12-18,0.16666666666666585
2015-12-19,0.0
2015-12-20,0.0
2015-12-21,0.0
2015-12-22,0.0
2015-12-23,0.0
2015-12-24,0.0
2015-12-25,0.0
2015-12-26,0.0
2015-12-27,0.0
2015-12-28,0.0
2015-12-29,0.0
2015-12-30,0.0
2015-12-31,0.0
2016-01-01,0.0
2016-01-02,0.0
2016-01-03,0.0
2016-01-04,0.0
2016-01-05,0.0
2016-01-06,0.0
2016-01-07,0.0
2016-01-08,7.533333333333332
2016-01-09,0.4999999999999994
2016-01-10,0.0
2016-01-11,0.09999999999999944
2016-01-12,0.0
2016-01-13,0.0
2016-01-14,0.0
2016-01-15,0.03333333333333275
2016-01-16,0.0
2016-01-17,0.0
2016-01-18,0.0
2016-01-19,4.999999999999999
2016-01-20,0.1333333333333329
2016-01-21,0.0
2016-01-22,0.0
2016-01-23,0.5999999999999995
2016-01-24,1.0999999999999996
2016-01-25,1.1999999999999995
2016-01-26,1.1999999999999997
2016-01-27,0.0
2016-01-28,0.0
2016-01-29,0.0
2016-01-30,0.0
2016-01-31,0.0
2016-02-01,0.0
2016-02-02,0.0
2016-02-03,0.0
2016-02-04,0.0
2016-02-05,0.0
2016-02-06,1.2999999999999996
2016-02-07,4.0
2016-02-08,0.4999999999999997
2016-02-09,0.0
2016-02-10,0.0
2016-02-11,0.0
2016-02-12,0.0
2016-02-13,0.0
2016-02-14,0.0
2016-02-15,0.0
2016-02-16,0.0
2016-02-17,0.0
2016-02-18,0.0
2016-02-19,0.0
2016-02-20,0.0
2016-02-21,2.9
2016-02-22,2.0999999999999996
2016-02-23,0.0
2016-02-24,0.0
2016-02-25,0.0
2016-02-26,0.0
2016-02-27,0.0
2016-02-28,0.0
2016-02-29,0.0
2016-03-01,0.0
2016-03-02,0.0
2016-03-03,0.1999999999999998
2016-03-04,0.0
2016-03-05,0.0
2016-03-06,0.0
2016-03-07,0.0
2016-03-08,0.0
2016-03-09,0.0
2016-03-10,0.0
2016-03-11,0.0
2016-03-12,0.0
2016-03-13,0.0
2016-03-14,0.1999999999999998
2016-03-15,1.1999999999999997
2016-03-16,0.29999999999999977
2016-03-17,0.09999999999999978
2016-03-18,0.0
2016-03-19,0.0
2016-03-20,0.0
2016-03-21,0.0
2016-03-22,0.0
2016-03-23,0.0
2016-03-24,0.0
2016-03-25,0.0
2016-03-26,0.0
2016-03-27,0.3999999999999998
2016-03-28,4.2
2016-03-29,0.0
2016-03-30,0.0
2016-03-31,0.0
2016-04-01,0.0
2016-04-02,0.0
2016-04-03,0.0
2016-04-04,0.0
2016-04-05,0.0
2016-04-06,0.0
2016-04-07,0.0
2016-04-08,0.0
2016-04-09,0.0
2016-04-10,0.0
2016-04-11,0.0
2016-04-12,4.6
2016-04-13,0.8
2016-04-14,0.0
2016-04-15,0.0
2016-04-16,0.0
2016-04-17,0.0
2016-04-18,0.0
2016-04-19,0.0
2016-04-20,0.0
2016-04-21,0.0
2016-04-22,0.0
2016-04-23,0.0
2016-04-24,0.0
2016-04-25,0.0
2016-04-26,0.0
2016-04-27,0.0
2016-04-28,0.0
2016-04-29,0.0
2016-04-30,0.0
2016-05-01,0.0
2016-05-02,0.0
2016-05-03,0.0
2016-05-04,0.0
2016-05-05,0.0
2016-05-06,0.0
2016-05-07,0.0
2016-05-08,0.0
2016-05-09,0.0
2016-05-10,0.0
2016-05-11,0.0
2016-05-12,0.0
2016-05-13,0.0
2016-05-14,0.0
2016-05-15,0.0
2016-05-16,0.0
2016-05-17,0.0
2016-05-18,0.0
2016-05-19,0.0
2016-05-20,0.0
2016-05-21,0.0
2016-05-22,0.0
2016-05-23,0.3
2016-05-24,2.6
2016-05-25,0.0
2016-05-26,0.0
2016-05-27,0.0
2016-05-28,0.0
2016-05-29,0.0
2016-05-30,0.0
2016-05-31,0.0
2016-06-01,0.0
2016-06-02,0.0
2016-06-03,0.0
2016-06-04,0.0
2016-06-05,0.0
2016-06-06,0.0
2016-06-07,0.0
2016-06-08,0.0
2016-06-09,0.0
2016-06-10,0.0
2016-06-11,0.0
2016-06-12,0.0
2016-06-13,0.0
2016-06-14,0.0
2016-06-15,0.0
2016-06-16,0.0
2016-06-17,0.0
2016-06-18,0.0
2016-06-19,0.0
2016-06-20,0.0
2016-06-21,0.0
2016-06-22,0.0
2016-06-23,0.0
2016-06-24,0.0
2016-06-25,0.0
2016-06-26,0.0
2016-06-27,0.0
2016-06-28,0.0
2016-06-29,0.0
2016-06-30,0.0
2016-07-01,0.0
2016-07-02,0.0
2016-07-03,0.0
2016-07-04,0.0
2016-07-05,0.0
2016-07-06,0.0
2016-07-07,0.0
2016-07-08,0.0
2016-07-09,0.0
2016-07-10,0.0
2016-07-11,0.0
2016-07-12,0.0
2016-07-13,0.0
2016-07-14,0.0
2016-07-15,0.0
2016-07-16,0.0
2016-07-17,0.0
2016-07-18,0.0
2016-07-19,0.0
2016-07-20,0.0
2016-07-21,0.0
2016-07-22,0.0
2016-07-23,0.0
2016-07-24,0.0
2016-07-25,0.0
2016-07-26,0.0
2016-07-27,0.0
2016-07-28,0.0
2016-07-29,0.0
2016-07-30,0.0
2016-07-31,0.0
2016-08-01,0.0
2016-08-02,0.0
2016-08-03,0.0
2016-08-04,0.0
2016-08-05,0.0
2016-08-06,0.0
2016-08-07,0.0
2016-08-08,0.0
2016-08-09,0.0
2016-08-10,0.0
2016-08-11,0.0
2016-08-12,0.0
2016-08-13,0.0
2016-08-14,0.0
2016-08-15,0.0
2016-08-16,0.0
2016-08-17,0.0
2016-08-18,0.0
2016-08-19,0.0
2016-08-20,0.0
2016-08-21,0.0
2016-08-22,0.0
2016-08-23,0.0
2016-08-24,0.0
2016-08-25,0.0
2016-08-26,0.0
2016-08-27,0.0
2016-08-28,0.0
2016-08-29,0.0
2016-08-30,0.0
2016-08-31,0.0
2016-09-01,0.0
2016-09-02,0.0
2016-09-03,0.0
2016-09-04,0.0
2016-09-05,0.0
2016-09-06,0.0
2016-09-07,0.0
2016-09-08,0.0
2016-09-09,0.0
2016-09-10,0.0
2016-09-11,0.0
2016-09-12,0.0
2016-09-13,0.0
2016-09-14,0.0
2016-09-15,0.0
2016-09-16,0.0
2016-09-17,0.0
2016-09-18,0.0
2016-09-19,0.0
2016-09-20,0.0
2016-09-21,0.0
2016-09-22,0.0
2016-09-23,0.0
2016-09-24,0.0
2016-09-25,0.0
2016-09-26,0.0
2016-09-27,0.0
2016-09-28,0.0
2016-09-29,0.0
2016-09-30,0.0
2016-10-01,0.0
2016-10-02,0.0
2016-10-03,0.0
2016-10-04,0.0
2016-10-05,0.0
2016-10-06,0.0
2016-10-07,0.0
2016-10-08,0.0
2016-10-09,0.0
2016-10-10,0.0
2016-10-11,0.0
2016-10-12,0.0
2016-10-13,0.0
2016-10-14,0.0
2016-10-15,0.0
2016-10-16,0.0
2016-10-17,0.0
2016-10-18,0.0
2016-10-19,0.0
2016-10-20,0.0
2016-10-21,0.0
2016-10-22,0.0
2016-10-23,0.0
2016-10-24,0.0
2016-10-25,0.0
2016-10-26,0.0
2016-10-27,0.0
2016-10-28,0.0
2016-10-29,0.0
2016-10-30,0.0
2016-10-31,0.0
2016-11-01,0.0
2016-11-02,0.0
2016-11-03,0.0
2016-11-04,0.0
2016-11-05,0.0
2016-11-06,0.0
2016-11-07,0.0
2016-11-08,0.0
2016-11-09,0.0
2016-11-10,0.0
2016-11-11,0.0
2016-11-12,0.0
2016-11-13,0.0
2016-11-14,0.0
2016-11-15,0.0
2016-11-16,0.0
2016-11-17,0.0
2016-11-18,0.0
2016-11-19,0.0
2016-11-20,0.0
2016-11-21,0.0
2016-11-22,0.0
2016-11-23,0.0
2016-11-24,0.0
2016-11-25,0.0
2016-11-26,0.0
2016-11-27,0.0
2016-11-28,0.0
2016-11-29,0.0
2016-11-30,0.0
2016-12-01,0.0
2016-12-02,0.0
2016-12-03,0.0
2016-12-04,0.0
2016-12-05,0.0
2016-12-06,0.0
2016-12-07,0.0
2016-12-08,0.2
2016-12-09,0.0
2016-12-10,0.0
2016-12-11,0.0
2016-12-12,0.0
2016-12-13,6.3
2016-12-14,3.8
2016-12-15,0.1
2016-12-16,0.2
2016-12-17,1.3
2016-12-18,0.6000000000000001
2016-12-19,1.2000000000000002
2016-12-20,0.0
2016-12-21,0.0
2016-12-22,0.0
2016-12-23,0.0
2016-12-24,0.0
2016-12-25,4.7
2016-12-26,1.7000000000000002
2016-12-27,3.7
2016-12-28,0.0
2016-12-29,0.0
2016-12-30,0.0
2016-12-31,0.6000000000000003
2017-01-01,0.0
2017-01-02,0.8000000000000003
2017-01-03,0.8000000000000003
2017-01-04,0.0
2017-01-05,0.0
2017-01-06,0.0
2017-01-07,0.0
2017-01-08,0.0
2017-01-09,0.7000000000000002
2017-01-10,0.0
2017-01-11,0.0
2017-01-12,0.0
2017-01-13,0.30000000000000027
2017-01-14,2.1
2017-01-15,0.8000000000000003
2017-01-16,0.0
2017-01-17,0.0
2017-01-18,0.0
2017-01-19,0.0
2017-01-20,0.0
2017-01-21,0.0
2017-01-22,0.0
2017-01-23,0.0
2017-01-24,0.0
2017-01-25,0.0
2017-01-26,2.3000000000000003
2017-01-27,2.9000000000000004
2017-01-28,0.7000000000000001
2017-01-29,0.0
2017-01-30,0.0
2017-01-31,0.5
2017-02-01,0.0
2017-02-02,0.0
2017-02-03,0.0
2017-02-04,0.0
2017-02-05,0.0
2017-02-06,0.0
2017-02-07,0.0
2017-02-08,0.0
2017-02-09,0.0
2017-02-10,0.0
2017-02-11,0.0
2017-02-12,2.0
2017-02-13,2.5
2017-02-14,2.6
2017-02-15,1.9
2017-02-16,1.6999999999999997
2017-02-17,0.0
2017-02-18,0.0
2017-02-19,0.0
2017-02-20,0.0
2017-02-21,0.0
2017-02-22,0.0
2017-02-23,0.0
2017-02-24,0.0
2017-02-25,0.0
2017-02-26,0.0
2017-02-27,0.0
2017-02-28,0.0
2017-03-01,0.4999999999999999
2017-03-02,0.0
2017-03-03,3.3
2017-03-04,0.0
2017-03-05,0.0
2017-03-06,0.0
2017-03-07,0.0
2017-03-08,0.0
2017-03-09,0.0
2017-03-10,0.9999999999999998
2017-03-11,0.09999999999999978
2017-03-12,0.0
2017-03-13,2.6999999999999997
2017-03-14,4.8
2017-03-15,1.9999999999999996
2017-03-16,1.7999999999999994
2017-03-17,0.0
2017-03-18,0.0
2017-03-19,0.0
2017-03-20,0.0
2017-03-21,0.0
2017-03-22,0.0
2017-03-23,2.1999999999999997
2017-03-24,0.0
2017-03-25,0.0
2017-03-26,0.0
2017-03-27,0.0
2017-03-28,0.0
2017-03-29,0.0
2017-03-30,0.0
2017-03-31,0.19999999999999957
2017-04-01,0.19999999999999957
2017-04-02,4.1
2017-04-03,1.5999999999999996
2017-04-04,0.0
2017-04-05,0.0
2017-04-06,0.0
2017-04-07,0.0
2017-04-08,0.0
2017-04-09,0.0
2017-04-10,0.0
2017-04-11,0.0
2017-04-12,0.0
2017-04-13,2.5999999999999996
2017-04-14,0.0
2017-04-15,0.0
2017-04-16,0.0
2017-04-17,0.0
2017-04-18,0.0
2017-04-19,0.0
2017-04-20,0.0
2017-04-21,0.0
2017-04-22,0.0
2017-04-23,0.0
2017-04-24,0.0
2017-04-25,0.0
2017-04-26,0.0
2017-04-27,0.0
2017-04-28,0.0
2017-04-29,0.0
2017-04-30,0.0
2017-05-01,0.0
2017-05-02,0.0
2017-05-03,0.0
2017-05-04,0.0
2017-05-05,0.0
2017-05-06,0.0
2017-05-07,0.0
2017-05-08,0.0
2017-05-09,0.0
2017-05-10,0.0
2017-05-11,0.0
2017-05-12,0.0
2017-05-13,0.0
2017-05-14,0.0
2017-05-15,0.0
2017-05-16,0.0
2017-05-17,0.0
2017-05-18,0.0
2017-05-19,0.0
2017-05-20,0.0
2017-05-21,0.0
2017-05-22,0.0
2017-05-23,0.0
2017-05-24,0.0
2017-05-25,0.0
2017-05-26,0.0
2017-05-27,0.0
2017-05-28,0.0
2017-05-29,0.0
2017-05-30,0.0
2017-05-31,0.0
2017-06-01,0.0
2017-06-02,0.0
2017-06-03,0.0
2017-06-04,0.0
2017-06-05,0.0
2017-06-06,0.0
2017-06-07,0.0
2017-06-08,0.0
2017-06-09,0.0
2017-06-10,0.0
2017-06-11,0.0
2017-06-12,0.0
2017-06-13,0.0
2017-06-14,0.0
2017-06-15,0.0
2017-06-16,0.0
2017-06-17,0.0
2017-06-18,0.0
2017-06-19,0.0
2017-06-20,0.0
2017-06-21,0.0
2017-06-22,0.0
2017-06-23,0.0
2017-06-24,0.0
2017-06-25,0.0
2017-06-26,0.0
2017-06-27,0.0
2017-06-28,0.0
2017-06-29,0.0
2017-06-30,0.0
2017-07-01,0.0
2017-07-02,0.0
2017-07-03,0.0
2017-07-04,0.0
2017-07-05,0.0
2017-07-06,0.0
2017-07-07,0.0
2017-07-08,0.0
2017-07-09,0.0
2017-07-10,0.0
2017-07-11,0.0
2017-07-12,0.0
2017-07-13,0.0
2017-07-14,0.0
2017-07-15,0.0
2017-07-16,0.0
2017-07-17,0.0
2017-07-18,0.0
2017-07-19,0.0
2017-07-20,0.0
2017-07-21,0.0
2017-07-22,0.0
2017-07-23,0.0
2017-07-24,0.0
2017-07-25,0.0
2017-07-26,0.0
2017-07-27,0.0
2017-07-28,0.0
2017-07-29,0.0
2017-07-30,0.0
2017-07-31,0.0
2017-08-01,0.0
2017-08-02,0.0
2017-08-03,0.0
2017-08-04,0.0
2017-08-05,0.0
2017-08-06,0.0
2017-08-07,0.0
2017-08-08,0.0
2017-08-09,0.0
2017-08-10,0.0
2017-08-11,0.0
2017-08-12,0.0
2017-08-13,0.0
2017-08-14,0.0
2017-08-15,0.0
2017-08-16,0.0
2017-08-17,0.0
2017-08-18,0.0
2017-08-19,0.0
2017-08-20,0.0
2017-08-21,0.0
2017-08-22,0.0
2017-08-23,0.0
2017-08-24,0.0
2017-08-25,0.0
2017-08-26,0.0
2017-08-27,0.0
2017-08-28,0.0
2017-08-29,0.0
2017-08-30,0.0
2017-08-31,0.0
2017-09-01,0.0
2017-09-02,0.0
2017-09-03,0.0
2017-09-04,0.0
2017-09-05,0.0
2017-09-06,0.0
2017-09-07,0.0
2017-09-08,0.0
2017-09-09,0.0
2017-09-10,0.0
2017-09-11,0.0
2017-09-12,0.0
2017-09-13,0.0
2017-09-14,0.0
2017-09-15,0.0
2017-09-16,0.0
2017-09-17,0.0
2017-09-18,0.0
2017-09-19,0.0
2017-09-20,0.0
2017-09-21,0.0
2017-09-22,0.0
2017-09-23,0.0
2017-09-24,0.0
2017-09-25,0.0
2017-09-26,0.0
2017-09-27,0.0
2017-09-28,0.0
2017-09-29,0.0
2017-09-30,0.0
2017-10-01,0.0
2017-10-02,0.0
2017-10-03,0.0
2017-10-04,0.0
2017-10-05,0.0
2017-10-06,0.0
2017-10-07,0.0
2017-10-08,0.0
2017-10-09,16.8
2017-10-10,0.0
2017-10-11,0.0
2017-10-12,0.0
2017-10-13,0.0
2017-10-14,0.0
2017-10-15,0.0
2017-10-16,0.0
2017-10-17,0.0
2017-10-18,0.0
2017-10-19,0.0
2017-10-20,0.0
2017-10-21,0.0
2017-10-22,0.0
2017-10-23,0.0
2017-10-24,0.0
2017-10-25,0.0
2017-10-26,0.0
2017-10-27,0.0
2017-10-28,0.5
2017-10-29,0.0
2017-10-30,0.7999999999999999
2017-10-31,0.0
2017-11-01,0.0
2017-11-02,0.0
2017-11-03,0.0
2017-11-04,0.0
2017-11-05,0.0
2017-11-06,0.0
2017-11-07,0.0
2017-11-08,0.0
2017-11-09,0.0
2017-11-10,0.0
2017-11-11,0.0
2017-11-12,0.0
2017-11-13,0.0
2017-11-14,0.0
2017-11-15,0.0
2017-11-16,0.0
2017-11-17,0.0
2017-11-18,0.0
2017-11-19,0.0
2017-11-20,0.0
2017-11-21,5.9
2017-11-22,0.2
2017-11-23,0.0
2017-11-24,0.0
2017-11-25,0.0
2017-11-26,0.0
2017-11-27,0.0
2017-11-28,0.0
2017-11-29,0.1
2017-11-30,0.0
2017-12-01,0.0
2017-12-02,0.0
2017-12-03,0.0
2017-12-04,0.0
2017-12-05,0.0
2017-12-06,1.4
2017-12-07,0.30000000000000004
2017-12-08,0.0
2017-12-09,0.0
2017-12-10,0.0
2017-12-11,0.0
2017-12-12,0.0
2017-12-13,0.0
2017-12-14,0.0
2017-12-15,0.0
2017-12-16,0.0
2017-12-17,0.0
2017-12-18,0.0
2017-12-19,0.0
2017-12-20,0.0
2017-12-21,0.0
2017-12-22,0.0
2017-12-23,0.0
2017-12-24,2.0
2017-12-25,1.9000000000000001
2017-12-26,0.0
2017-12-27,0.0
2017-12-28,0.0
2017-12-29,0.0
2017-12-30,0.0
2017-12-31,0.0
2018-01-01,2.3
2018-01-02,0.3999999999999997
2018-01-03,0.5999999999999998
2018-01-04,4.6
2018-01-05,11.399999999999999
2018-01-06,0.4
2018-01-07,0.0
2018-01-08,0.0
2018-01-09,0.0
2018-01-10,0.0
2018-01-11,0.0
2018-01-12,0.0
2018-01-13,0.0
2018-01-14,2.5000000000000004
2018-01-15,1.0000000000000002
2018-01-16,0.0
2018-01-17,1.6
2018-01-18,2.9000000000000004
2018-01-19,3.0000000000000004
2018-01-20,0.0
2018-01-21,0.0
2018-01-22,0.0
2018-01-23,4.4
2018-01-24,1.5
2018-01-25,3.3
2018-01-26,8.700000000000001
2018-01-27,0.0
2018-01-28,0.0
2018-01-29,0.0
2018-01-30,0.0
2018-01-31,0.0
2018-02-01,0.0
2018-02-02,0.0
2018-02-03,0.0
2018-02-04,0.0
2018-02-05,0.0
2018-02-06,0.0
2018-02-07,0.0
2018-02-08,0.0
2018-02-09,0.0
2018-02-10,0.0
2018-02-11,0.0
2018-02-12,0.8
2018-02-13,4.3
2018-02-14,0.0
2018-02-15,0.0
2018-02-16,0.0
2018-02-17,6.800000000000001
2018-02-18,3.8
2018-02-19,0.0
2018-02-20,0.0
2018-02-21,0.0
2018-02-22,3.2
2018-02-23,0.0
2018-02-24,0.0
2018-02-25,0.0
2018-02-26,0.4
2018-02-27,4.9
2018-02-28,0.0
2018-03-01,0.0
2018-03-02,0.0
2018-03-03,0.0
2018-03-04,0.0
2018-03-05,0.0
2018-03-06,0.0
2018-03-07,0.0
2018-03-08,0.0
2018-03-09,0.0
2018-03-10,0.0
2018-03-11,0.0
2018-03-12,0.0
2018-03-13,0.0
2018-03-14,0.0
2018-03-15,0.0
2018-03-16,0.0
2018-03-17,0.0
2018-03-18,0.0
2018-03-19,0.0
2018-03-20,0.0
2018-03-21,0.0
2018-03-22,0.0
2018-03-23,0.0
2018-03-24,0.0
2018-03-25,0.0
2018-03-26,0.0
2018-03-27,0.0
2018-03-28,1.2
2018-03-29,0.1
2018-03-30,2.2
2018-03-31,0.0
2018-04-01,0.0
2018-04-02,0.0
2018-04-03,0.0
2018-04-04,0.0
2018-04-05,0.0
2018-04-06,0.0
2018-04-07,0.2
2018-04-08,0.5
2018-04-09,0.0
2018-04-10,2.4
2018-04-11,0.0
2018-04-12,0.0
2018-04-13,0.0
2018-04-14,0.0
2018-04-15,0.0
2018-04-16,0.0
2018-04-17,0.0
2018-04-18,0.0
2018-04-19,0.0
2018-04-20,0.0
2018-04-21,0.0
2018-04-22,8.1
2018-04-23,0.0
2018-04-24,0.0
2018-04-25,1.1
2018-04-26,6.0
2018-04-27,0.0
2018-04-28,0.0
2018-04-29,0.0
2018-04-30,0.0
2018-05-01,0.0
2018-05-02,0.0
2018-05-03,0.0
2018-05-04,0.0
2018-05-05,0.0
2018-05-06,0.0
2018-05-07,1.2
2018-05-08,3.5
2018-05-09,2.2
2018-05-10,0.0
2018-05-11,0.0
2018-05-12,0.7
2018-05-13,2.1
2018-05-14,0.0
2018-05-15,0.0
2018-05-16,0.0
2018-05-17,0.0
2018-05-18,0.0
2018-05-19,0.0
2018-05-20,0.0
2018-05-21,0.0
2018-05-22,0.0
2018-05-23,0.0
2018-05-24,0.0
2018-05-25,0.0
2018-05-26,0.0
2018-05-27,0.0
2018-05-28,0.0
2018-05-29,0.0
2018-05-30,0.0
2018-05-31,0.0
2018-06-01,0.0
2018-06-02,0.0
2018-06-03,0.0
2018-06-04,0.0
2018-06-05,0.0
2018-06-06,0.0
2018-06-07,0.0
2018-06-08,0.0
2018-06-09,0.0
2018-06-10,0.0
2018-06-11,0.0
2018-06-12,2.6
2018-06-13,0.0
2018-06-14,0.0
2018-06-15,0.0
2018-06-16,0.0
2018-06-17,0.1
2018-06-18,0.0
2018-06-19,0.0
2018-06-20,0.0
2018-06-21,0.0
2018-06-22,0.0
2018-06-23,0.0
2018-06-24,0.0
2018-06-25,0.0
2018-06-26,0.0
2018-06-27,0.0
2018-06-28,0.0
2018-06-29,0.0
2018-06-30,0.0
2018-07-01,0.0
2018-07-02,0.0
2018-07-03,0.0
2018-07-04,0.0
2018-07-05,0.0
2018-07-06,0.0
2018-07-07,0.0
2018-07-08,0.0
2018-07-09,0.0
2018-07-10,0.0
2018-07-11,0.0
2018-07-12,0.0
2018-07-13,0.0
2018-07-14,0.0
2018-07-15,0.0
2018-07-16,0.0
2018-07-17,0.0
2018-07-18,0.0
2018-07-19,0.0
2018-07-20,0.0
2018-07-21,0.0
2018-07-22,0.0
2018-07-23,0.0
2018-07-24,0.0
2018-07-25,0.0
2018-07-26,0.0
2018-07-27,0.0
2018-07-28,0.0
2018-07-29,0.0
2018-07-30,0.0
2018-07-31,0.0
2018-08-01,0.0
2018-08-02,0.0
2018-08-03,0.0
2018-08-04,0.0
2018-08-05,0.0
2018-08-06,0.0
2018-08-07,0.0
2018-08-08,0.0
2018-08-09,0.0
2018-08-10,0.0
2018-08-11,0.0
2018-08-12,0.0
2018-08-13,0.0
2018-08-14,0.0
2018-08-15,0.0
2018-08-16,0.0
2018-08-17,0.0
2018-08-18,0.0
2018-08-19,0.0
2018-08-20,0.0
2018-08-21,0.0
2018-08-22,0.0
2018-08-23,0.0
2018-08-24,0.0
2018-08-25,0.0
2018-08-26,0.0
2018-08-27,0.0
2018-08-28,0.0
2018-08-29,0.0
2018-08-30,0.0
2018-08-31,0.0
2018-09-01,0.0
2018-09-02,0.0
2018-09-03,0.0
2018-09-04,0.0
2018-09-05,0.0
2018-09-06,0.0
2018-09-07,0.1
2018-09-08,0.1
2018-09-09,0.0
2018-09-10,0.0
2018-09-11,0.0
2018-09-12,0.0
2018-09-13,0.0
2018-09-14,0.0
2018-09-15,0.0
2018-09-16,0.0
2018-09-17,0.0
2018-09-18,0.0
2018-09-19,0.0
2018-09-20,0.0
2018-09-21,0.0
2018-09-22,0.0
2018-09-23,0.0
2018-09-24,0.0
2018-09-25,0.0
2018-09-26,0.0
2018-09-27,0.0
2018-09-28,0.0
2018-09-29,0.0
2018-09-30,0.0
2018-10-01,0.0
2018-10-02,0.0
2018-10-03,0.0
2018-10-04,0.0
2018-10-05,0.0
2018-10-06,0.0
2018-10-07,0.0
2018-10-08,0.0
2018-10-09,0.0
2018-10-10,0.0
2018-10-11,0.0
2018-10-12,0.0
2018-10-13,0.0
2018-10-14,0.0
2018-10-15,0.0
2018-10-16,0.0
2018-10-17,0.0
2018-10-18,0.0
2018-10-19,0.0
2018-10-20,0.0
2018-10-21,0.0
2018-10-22,0.0
2018-10-23,0.6
2018-10-24,0.0
2018-10-25,3.2
2018-10-26,1.6
2018-10-27,0.2
2018-10-28,0.2
2018-10-29,0.1
2018-10-30,0.0
2018-10-31,0.0
2018-11-01,0.0
2018-11-02,0.0
2018-11-03,0.0
2018-11-04,0.2
2018-11-05,0.30000000000000004
2018-11-06,0.0
2018-11-07,0.0
2018-11-08,0.0
2018-11-09,0.0
2018-11-10,0.0
2018-11-11,0.0
2018-11-12,0.1
2018-11-13,11.0
2018-11-14,0.4
2018-11-15,0.1
2018-11-16,3.2
2018-11-17,0.0
2018-11-18,0.0
2018-11-19,0.0
2018-11-20,0.0
2018-11-21,0.0
2018-11-22,1.4
2018-11-23,7.2
2018-11-24,1.9
2018-11-25,0.0
2018-11-26,0.0
2018-11-27,0.0
2018-11-28,0.0
2018-11-29,0.0
2018-11-30,0.9
2018-12-01,0.4
2018-12-02,0.0
2018-12-03,0.0
2018-12-04,0.5
2018-12-05,0.0
2018-12-06,3.9
2018-12-07,4.9
2018-12-08,1.7
2018-12-09,0.1
2018-12-10,0.0
2018-12-11,0.0
2018-12-12,4.2
2018-12-13,0.1
2018-12-14,0.0
2018-12-15,0.0
2018-12-16,0.0
2018-12-17,2.0
2018-12-18,3.1333333333333333
2018-12-19,2.166666666666666
2018-12-20,5.966666666666667
2018-12-21,0.06666666666666653
2018-12-22,0.033333333333333194
2018-12-23,0.06666666666666653
2018-12-24,0.033333333333333194
2018-12-25,0.033333333333333194
2018-12-26,0.0
2018-12-27,6.733333333333334
2018-12-28,1.833333333333333
2018-12-29,1.1666666666666665
2018-12-30,0.5333333333333332
2018-12-31,0.46666666666666656
2019-01-01,0.03333333333333322
2019-01-02,1.7999999999999998
2019-01-03,1.5999999999999999
2019-01-04,0.0
2019-01-05,0.0
2019-01-06,3.1666666666666665
2019-01-07,5.333333333333334
2019-01-08,3.9666666666666663
2019-01-09,0.7999999999999998
2019-01-10,0.033333333333333055
2019-01-11,0.0
2019-01-12,0.0
2019-01-13,0.46666666666666645
2019-01-14,7.7
2019-01-15,0.6666666666666663
2019-01-16,2.899999999999999
2019-01-17,3.4666666666666663
2019-01-18,0.0
2019-01-19,0.0
2019-01-20,0.0
2019-01-21,0.0
2019-01-22,0.0
2019-01-23,0.0
2019-01-24,0.0
2019-01-25,0.0
2019-01-26,0.0
2019-01-27,0.0
2019-01-28,3.466666666666666
2019-01-29,0.3666666666666659
2019-01-30,0.0
2019-01-31,0.0
2019-02-01,0.0
2019-02-02,0.0
2019-02-03,0.0
2019-02-04,0.0
2019-02-05,0.0
2019-02-06,0.33333333333333254
2019-02-07,3.466666666666666
2019-02-08,2.4333333333333327
2019-02-09,2.9
2019-02-10,2.5999999999999996
2019-02-11,1.4999999999999996
2019-02-12,0.0
2019-02-13,0.0
2019-02-14,4.199999999999999
2019-02-15,3.3666666666666663
2019-02-16,2.866666666666666
2019-02-17,1.7666666666666657
2019-02-18,0.4333333333333323
2019-02-19,0.033333333333332306
2019-02-20,0.16666666666666563
2019-02-21,0.033333333333332306
2019-02-22,0.0
2019-02-23,0.033333333333332306
2019-02-24,0.0
2019-02-25,0.0
2019-02-26,0.0
2019-02-27,6.1
2019-02-28,2.4333333333333322
2019-03-01,0.0
2019-03-02,1.699999999999999
2019-03-03,0.033333333333332334
2019-03-04,1.0666666666666658
2019-03-05,0.4333333333333323
2019-03-06,0.0
2019-03-07,0.0
2019-03-08,0.0
2019-03-09,0.0
2019-03-10,0.0
2019-03-11,0.0
2019-03-12,0.0
2019-03-13,0.0
2019-03-14,2.466666666666666
2019-03-15,0.2666666666666657
2019-03-16,6.133333333333333
2019-03-17,2.249999999999999
2019-03-18,0.0
2019-03-19,0.0
2019-03-20,0.0
2019-03-21,0.0
2019-03-22,0.0
2019-03-23,0.0
2019-03-24,0.39999999999999913
2019-03-25,3.3499999999999988
2019-03-26,0.0
2019-03-27,0.9499999999999991
2019-03-28,0.0
2019-03-29,0.9999999999999992
2019-03-30,3.299999999999999
2019-03-31,2.849999999999999
2019-04-01,2.5499999999999994
2019-04-02,2.8999999999999995
2019-04-03,0.0
2019-04-04,0.0
2019-04-05,0.0
2019-04-06,0.0
2019-04-07,0.14999999999999958
2019-04-08,0.0
2019-04-09,0.0
2019-04-10,0.0
2019-04-11,0.0
2019-04-12,0.0
2019-04-13,0.0
2019-04-14,0.0
2019-04-15,0.09999999999999956
2019-04-16,1.7666666666666662
2019-04-17,0.2666666666666662
2019-04-18,0.0
2019-04-19,1.5999999999999994
2019-04-20,1.2333333333333327
2019-04-21,2.066666666666666
2019-04-22,0.33333333333333276
2019-04-23,0.0
2019-04-24,0.0
2019-04-25,0.0
2019-04-26,0.0
2019-04-27,0.0
2019-04-28,0.0
2019-04-29,0.0
2019-04-30,0.0
2019-05-01,0.0
2019-05-02,0.0
2019-05-03,0.0
2019-05-04,0.0
2019-05-05,0.0
2019-05-06,0.0
2019-05-07,0.0
2019-05-08,0.0
2019-05-09,0.0
2019-05-10,0.0
2019-05-11,0.0
2019-05-12,0.0
2019-05-13,0.0
2019-05-14,0.0
2019-05-15,0.0
2019-05-16,0.0
2019-05-17,0.0
2019-05-18,0.0
2019-05-19,0.0
2019-05-20,0.0
2019-05-21,0.0
2019-05-22,0.0
2019-05-23,0.0
2019-05-24,0.0
2019-05-25,0.0
2019-05-26,0.0
2019-05-27,0.0
2019-05-28,0.0
2019-05-29,0.0
2019-05-30,0.0
2019-05-31,0.0
2019-06-01,0.0
2019-06-02,0.0
2019-06-03,0.0
2019-06-04,0.0
2019-06-05,0.0
2019-06-06,0.0
2019-06-07,0.0
2019-06-08,0.0
2019-06-09,0.0
2019-06-10,0.0
2019-06-11,0.0
2019-06-12,0.0
2019-06-13,0.0
2019-06-14,0.0
2019-06-15,0.0
2019-06-16,0.0
2019-06-17,0.0
2019-06-18,0.0
2019-06-19,0.0
2019-06-20,0.0
2019-06-21,0.0
2019-06-22,0.0
2019-06-23,0.0
2019-06-24,0.0
2019-06-25,0.0
2019-06-26,0.0
2019-06-27,0.0
2019-06-28,0.0
2019-06-29,0.0
2019-06-30,0.0
2019-07-01,0.0
2019-07-02,0.0
2019-07-03,0.0
2019-07-04,0.0
2019-07-05,0.0
2019-07-06,0.0
2019-07-07,0.0
2019-07-08,0.0
2019-07-09,0.0
2019-07-10,0.0
2019-07-11,0.0
2019-07-12,0.0
2019-07-13,0.0
2019-07-14,0.0
2019-07-15,0.0
2019-07-16,0.0
2019-07-17,0.0
2019-07-18,0.0
2019-07-19,0.0
2019-07-20,0.0
2019-07-21,0.0
2019-07-22,0.0
2019-07-23,0.0
2019-07-24,0.0
2019-07-25,0.0
2019-07-26,0.0
2019-07-27,0.0
2019-07-28,0.0
2019-07-29,0.0
2019-07-30,0.0
2019-07-31,0.0
2019-08-01,0.0
2019-08-02,0.0
2019-08-03,0.0
2019-08-04,0.0
2019-08-05,0.0
2019-08-06,0.0
2019-08-07,0.0
2019-08-08,0.0
2019-08-09,0.0
2019-08-10,0.0
2019-08-11,0.0
2019-08-12,0.0
2019-08-13,0.0
2019-08-14,0.0
2019-08-15,0.0
2019-08-16,0.0
2019-08-17,0.0
2019-08-18,0.0
2019-08-19,0.0
2019-08-20,0.0
2019-08-21,0.0
2019-08-22,0.0
2019-08-23,0.0
2019-08-24,0.0
2019-08-25,0.0
2019-08-26,0.0
2019-08-27,0.0
2019-08-28,0.0
2019-08-29,0.0
2019-08-30,0.0
2019-08-31,0.0
2019-09-01,0.0
2019-09-02,0.0
2019-09-03,0.0
2019-09-04,0.0
2019-09-05,0.0
2019-09-06,0.0
2019-09-07,0.0
2019-09-08,0.0
2019-09-09,0.0
2019-09-10,0.0
2019-09-11,0.0
2019-09-12,0.0
2019-09-13,0.0
2019-09-14,0.0
2019-09-15,0.0
2019-09-16,0.0
2019-09-17,0.0
2019-09-18,0.0
2019-09-19,0.0
2019-09-20,0.0
2019-09-21,0.0
2019-09-22,0.0
2019-09-23,0.0
2019-09-24,0.0
2019-09-25,0.0
2019-09-26,0.0
2019-09-27,0.0
2019-09-28,0.0
2019-09-29,0.0
2019-09-30,0.0
2019-10-01,0.0
2019-10-02,0.0
2019-10-03,0.0
2019-10-04,0.0
2019-10-05,0.0
2019-10-06,0.0
2019-10-07,0.0
2019-10-08,0.0
2019-10-09,0.0
2019-10-10,0.0
2019-10-11,0.0
2019-10-12,0.0
2019-10-13,0.0
2019-10-14,1.4333333333333327
2019-10-15,2.266666666666666
2019-10-16,0.0
2019-10-17,0.0
2019-10-18,0.0
2019-10-19,0.0
2019-10-20,0.0
2019-10-21,0.29999999999999954
2019-10-22,0.0
2019-10-23,0.1333333333333329
2019-10-24,0.0
2019-10-25,0.0
2019-10-26,0.03333333333333289
2019-10-27,0.0
2019-10-28,0.1666666666666662
2019-10-29,1.8999999999999995
2019-10-30,0.0
2019-10-31,0.0
2019-11-01,0.0
2019-11-02,0.0
2019-11-03,0.0
2019-11-04,0.0
2019-11-05,0.0
2019-11-06,0.0
2019-11-07,0.0
2019-11-08,0.0
2019-11-09,0.0
2019-11-10,0.0
2019-11-11,0.0
2019-11-12,0.0
2019-11-13,0.0
2019-11-14,0.0
2019-11-15,3.4
2019-11-16,0.19999999999999957
2019-11-17,0.0
2019-11-18,0.0
2019-11-19,0.0
2019-11-20,0.0
2019-11-21,0.0
2019-11-22,0.0
2019-11-23,0.0
2019-11-24,0.0
2019-11-25,0.0
2019-11-26,0.0
2019-11-27,0.0
2019-11-28,0.0
2019-11-29,0.0
2019-11-30,0.0
2019-12-01,0.0
2019-12-02,5.499999999999999
2019-12-03,0.0
2019-12-04,0.0
2019-12-05,4.6
2019-12-06,0.0
2019-12-07,0.0
2019-12-08,0.09999999999999956
2019-12-09,4.800000000000001
2019-12-10,0.7000000000000002
2019-12-11,0.0
2019-12-12,5.1
2019-12-13,3.1000000000000005
2019-12-14,0.0
2019-12-15,0.0
2019-12-16,0.0
2019-12-17,0.0
2019-12-18,0.0
2019-12-19,0.0
2019-12-20,0.0
2019-12-21,0.0
2019-12-22,0.0
2019-12-23,0.0
2019-12-24,0.0
2019-12-25,7.5
2019-12-26,13.6
2019-12-27,4.699999999999999
2019-12-28,1.899999999999999
2019-12-29,0.09999999999999912
2019-12-30,1.2999999999999992
2019-12-31,0.0
2020-01-01,0.4999999999999991
2020-01-02,2.099999999999999
2020-01-03,0.29999999999999916
2020-01-04,7.399999999999999
2020-01-05,4.499999999999999
2020-01-06,1.2999999999999987
2020-01-07,0.0
2020-01-08,5.8999999999999995
2020-01-09,2.1666666666666656
2020-01-10,0.3333333333333325
2020-01-11,0.03333333333333242
2020-01-12,1.199999999999999
2020-01-13,1.3666666666666658
2020-01-14,0.033333333333332445
2020-01-15,0.0
2020-01-16,0.29999999999999916
2020-01-17,1.2999999999999992
2020-01-18,0.09999999999999912
2020-01-19,4.999999999999999
2020-01-20,5.599999999999999
2020-01-21,1.6333333333333322
2020-01-22,0.19999999999999912
2020-01-23,0.5999999999999991
2020-01-24,3.7333333333333325
2020-01-25,0.0
2020-01-26,0.0
2020-01-27,0.0
2020-01-28,0.7999999999999992
2020-01-29,6.099999999999998
2020-01-30,0.0
2020-01-31,0.8999999999999987
2020-02-01,1.0999999999999988
2020-02-02,0.09999999999999867
2020-02-03,0.0
2020-02-04,0.0
2020-02-05,0.0
2020-02-06,0.0
2020-02-07,2.8999999999999986
2020-02-08,1.1999999999999986
2020-02-09,0.0
2020-02-10,0.0
2020-02-11,1.4999999999999987
2020-02-12,1.6999999999999986
2020-02-13,0.0
2020-02-14,0.0
2020-02-15,0.0
2020-02-16,0.0
2020-02-17,0.0
2020-02-18,0.3999999999999987
2020-02-19,6.1
2020-02-20,0.0
2020-02-21,0.6999999999999986
2020-02-22,2.7999999999999985
2020-02-23,0.0
2020-02-24,0.0
2020-02-25,0.0
2020-02-26,0.0
2020-02-27,0.0
2020-02-28,0.0
2020-02-29,3.2999999999999985
2020-03-01,2.5999999999999988
2020-03-02,0.0
2020-03-03,0.0
2020-03-04,0.0
2020-03-05,0.0
2020-03-06,0.49999999999999833
2020-03-07,0.0
2020-03-08,0.0
2020-03-09,0.0
2020-03-10,0.0
2020-03-11,0.0
2020-03-12,0.03333333333333167
2020-03-13,6.849999999999999
2020-03-14,0.9999999999999988
2020-03-15,0.0
2020-03-16,0.0
2020-03-17,3.3999999999999986
2020-03-18,1.4499999999999984
2020-03-19,1.2999999999999987
2020-03-20,3.5999999999999988
2020-03-21,0.4999999999999986
2020-03-22,0.0
2020-03-23,0.0
2020-03-24,0.0
2020-03-25,0.0
2020-03-26,0.09999999999999856
2020-03-27,0.09999999999999856
2020-03-28,0.2999999999999986
2020-03-29,0.0
2020-03-30,0.0
2020-03-31,0.0
2020-04-01,3.999999999999999
2020-04-02,0.0
2020-04-03,0.0
2020-04-04,0.0
2020-04-05,0.0
2020-04-06,0.0
2020-04-07,0.0
2020-04-08,0.0
2020-04-09,0.0
2020-04-10,4.799999999999999
2020-04-11,4.399999999999999
2020-04-12,0.0
2020-04-13,0.0
2020-04-14,0.0
2020-04-15,0.0
2020-04-16,0.0
2020-04-17,0.2999999999999987
2020-04-18,0.0
2020-04-19,0.0
2020-04-20,0.0
2020-04-21,0.0
2020-04-22,0.0
2020-04-23,0.0
2020-04-24,0.0
2020-04-25,1.5999999999999988
2020-04-26,0.3999999999999987
2020-04-27,0.0
2020-04-28,0.0
2020-04-29,0.0
2020-04-30,0.0
2020-05-01,0.0
2020-05-02,0.0
2020-05-03,0.0
2020-05-04,0.0
2020-05-05,2.5999999999999988
2020-05-06,1.1999999999999986
2020-05-07,0.0
2020-05-08,0.0
2020-05-09,0.49999999999999867
2020-05-10,0.0
2020-05-11,0.0
2020-05-12,0.0
2020-05-13,0.0
2020-05-14,0.0
2020-05-15,0.0
2020-05-16,0.0
2020-05-17,0.0
2020-05-18,0.0
2020-05-19,0.0
2020-05-20,0.0
2020-05-21,0.0
2020-05-22,0.0
2020-05-23,0.0
2020-05-24,2.5999999999999988
2020-05-25,0.0
2020-05-26,0.0
2020-05-27,0.0
2020-05-28,0.0
2020-05-29,0.0
2020-05-30,0.0
2020-05-31,0.0
2020-06-01,0.0
2020-06-02,0.0
2020-06-03,0.0
2020-06-04,0.0
2020-06-05,0.0
2020-06-06,0.0
2020-06-07,0.0
2020-06-08,0.0
2020-06-09,0.0
2020-06-10,0.0
2020-06-11,0.0
2020-06-12,0.0
2020-06-13,0.0
2020-06-14,0.0
2020-06-15,0.0
2020-06-16,0.0
2020-06-17,0.0
2020-06-18,0.0
2020-06-19,0.0
2020-06-20,0.0
2020-06-21,0.0
2020-06-22,0.0
2020-06-23,0.0
2020-06-24,0.0
2020-06-25,0.0
2020-06-26,0.0
2020-06-27,0.0
2020-06-28,0.0
2020-06-29,0.0
2020-06-30,0.0
2020-07-01,0.0
2020-07-02,0.0
2020-07-03,0.0
2020-07-04,0.0
2020-07-05,0.0
2020-07-06,0.0
2020-07-07,0.0
2020-07-08,0.0
2020-07-09,0.0
2020-07-10,0.0
2020-07-11,0.0
2020-07-12,0.0
2020-07-13,0.0
2020-07-14,0.0
2020-07-15,0.0
2020-07-16,0.0
2020-07-17,0.0
2020-07-18,0.0
2020-07-19,0.0
2020-07-20,0.0
2020-07-21,0.0
2020-07-22,0.0
2020-07-23,0.0
2020-07-24,0.0
2020-07-25,0.0
2020-07-26,0.0
2020-07-27,0.0
2020-07-28,0.0
2020-07-29,0.0
2020-07-30,0.0
2020-07-31,0.0
2020-08-01,0.0
2020-08-02,0.0
2020-08-03,0.0
2020-08-04,0.0
2020-08-05,0.0
2020-08-06,0.0
2020-08-07,0.0
2020-08-08,0.0
2020-08-09,0.0
2020-08-10,0.0
2020-08-11,0.0
2020-08-12,0.0
2020-08-13,0.0
2020-08-14,0.0
2020-08-15,0.0
2020-08-16,0.0
2020-08-17,0.0
2020-08-18,0.0
2020-08-19,0.0
2020-08-20,0.0
2020-08-21,0.0
2020-08-22,0.0
2020-08-23,0.0
2020-08-24,0.0
2020-08-25,0.0
2020-08-26,0.0
2020-08-27,0.0
2020-08-28,0.0
2020-08-29,0.0
2020-08-30,0.0
2020-08-31,0.0
2020-09-01,0.0
2020-09-02,0.0
2020-09-03,0.0
2020-09-04,0.0
2020-09-05,0.0
2020-09-06,0.0
2020-09-07,0.0
2020-09-08,0.0
2020-09-09,0.0
2020-09-10,0.0
2020-09-11,0.0
2020-09-12,0.0
2020-09-13,0.0
2020-09-14,0.0
2020-09-15,0.0
2020-09-16,0.0
2020-09-17,0.0
2020-09-18,0.0
2020-09-19,0.0
2020-09-20,0.0
2020-09-21,0.0
2020-09-22,0.0
2020-09-23,0.0
2020-09-24,0.0
2020-09-25,0.0
2020-09-26,0.0
2020-09-27,0.0
2020-09-28,0.0
2020-09-29,0.0
2020-09-30,0.0
2020-10-01,0.0
2020-10-02,0.0
2020-10-03,0.0
2020-10-04,0.0
2020-10-05,0.0
2020-10-06,0.0
2020-10-07,0.0
2020-10-08,0.0
2020-10-09,0.0
2020-10-10,0.0
2020-10-11,0.0
2020-10-12,0.0
2020-10-13,0.0
2020-10-14,0.0
2020-10-15,0.0
2020-10-16,0.0
2020-10-17,0.0
2020-10-18,0.0
2020-10-19,0.0
2020-10-20,0.0
2020-10-21,0.0
2020-10-22,0.0
2020-10-23,0.0
2020-10-24,0.0
2020-10-25,0.0
2020-10-26,0.0
2020-10-27,0.0
2020-10-28,0.0
2020-10-29,0.0
2020-10-30,0.0
2020-10-31,0.0
2020-11-01,0.0
2020-11-02,0.3999999999999987
2020-11-03,0.0
2020-11-04,5.099999999999998
2020-11-05,5.133333333333331
2020-11-06,0.09999999999999867
2020-11-07,1.5666666666666653
2020-11-08,1.4666666666666655
2020-11-09,0.19999999999999865
2020-11-10,0.0
2020-11-11,0.0
2020-11-12,0.0
2020-11-13,0.0
2020-11-14,0.0
2020-11-15,6.266666666666666
2020-11-16,0.03333333333333199
2020-11-17,0.0
2020-11-18,0.0
2020-11-19,0.0
2020-11-20,4.166666666666665
2020-11-21,7.166666666666664
2020-11-22,0.03333333333333111
2020-11-23,0.0
2020-11-24,0.0
2020-11-25,11.133333333333331
2020-11-26,3.066666666666664
2020-11-27,0.03333333333333106
2020-11-28,0.0
2020-11-29,0.0
2020-11-30,0.0
2020-12-01,0.0
2020-12-02,0.0
2020-12-03,0.0
2020-12-04,0.0
2020-12-05,3.1999999999999975
2020-12-06,0.0
2020-12-07,0.0
2020-12-08,1.8999999999999977
2020-12-09,0.7333333333333311
2020-12-10,0.0
2020-12-11,0.0
2020-12-12,0.0
2020-12-13,0.0
2020-12-14,5.499999999999997
2020-12-15,2.6666666666666643
2020-12-16,6.1999999999999975
2020-12-17,2.699999999999997
2020-12-18,0.0
2020-12-19,0.0
2020-12-20,0.0
2020-12-21,0.0
2020-12-22,0.0
2020-12-23,0.6666666666666636
2020-12-24,0.8999999999999969
2020-12-25,0.0
2020-12-26,0.0
2020-12-27,0.0
2020-12-28,0.0
2020-12-29,0.0
2020-12-30,0.0
2020-12-31,0.0
2021-01-01,0.0
2021-01-02,0.0
2021-01-03,0.0
2021-01-04,0.0
2021-01-05,0.0
2021-01-06,0.0
2021-01-07,0.0
2021-01-08,0.0
2021-01-09,0.0
2021-01-10,0.0
2021-01-11,0.0
2021-01-12,0.0
2021-01-13,0.033333333333330335
2021-01-14,2.999999999999997
2021-01-15,0.699999999999997
2021-01-16,1.6333333333333304
2021-01-17,4.0333333333333306
2021-01-18,4.4999999999999964
2021-01-19,4.166666666666663
2021-01-20,1.4333333333333302
2021-01-21,0.0
2021-01-22,0.0
2021-01-23,0.0
2021-01-24,0.0
2021-01-25,0.0
2021-01-26,0.0
2021-01-27,0.0
2021-01-28,0.6666666666666634
2021-01-29,4.366666666666664
2021-01-30,1.43333333333333
2021-01-31,0.7333333333333301
2021-02-01,0.0
2021-02-02,0.0
2021-02-03,0.0
2021-02-04,2.2999999999999967
2021-02-05,1.499999999999997
2021-02-06,0.0
2021-02-07,0.0
2021-02-08,0.0
2021-02-09,0.0
2021-02-10,0.0
2021-02-11,0.0
2021-02-12,0.0
2021-02-13,0.0
2021-02-14,0.0
2021-02-15,0.0
2021-02-16,1.83333333333333
2021-02-17,5.666666666666663
2021-02-18,4.166666666666663
2021-02-19,3.566666666666663
2021-02-20,0.03333333333332978
2021-02-21,0.0
2021-02-22,0.0
2021-02-23,0.0
2021-02-24,0.0
2021-02-25,0.0
2021-02-26,0.0
2021-02-27,0.0
2021-02-28,0.0
2021-03-01,1.466666666666663
2021-03-02,0.0
2021-03-03,1.8333333333333297
2021-03-04,3.2333333333333294
2021-03-05,0.03333333333332956
2021-03-06,0.0
2021-03-07,0.0
2021-03-08,0.0
2021-03-09,0.0
2021-03-10,0.0
2021-03-11,0.0
2021-03-12,1.3999999999999964
2021-03-13,0.0
2021-03-14,0.0
2021-03-15,0.0
2021-03-16,0.0
2021-03-17,0.0
2021-03-18,0.0
2021-03-19,0.0
2021-03-20,0.0
2021-03-21,0.0
2021-03-22,0.09999999999999623
2021-03-23,0.1666666666666629
2021-03-24,1.7999999999999963
2021-03-25,0.14999999999999625
2021-03-26,0.6499999999999962
2021-03-27,0.0
2021-03-28,0.0
2021-03-29,0.0
2021-03-30,0.0
2021-03-31,0.0
2021-04-01,0.0
2021-04-02,3.8999999999999964
2021-04-03,0.06666666666666311
2021-04-04,0.0
2021-04-05,0.0
2021-04-06,0.0
2021-04-07,0.0
2021-04-08,0.0
2021-04-09,0.0
2021-04-10,0.4999999999999965
2021-04-11,0.16666666666666313
2021-04-12,0.0
2021-04-13,0.0
2021-04-14,0.0
2021-04-15,0.0
2021-04-16,0.0
2021-04-17,0.0
2021-04-18,0.0
2021-04-19,0.0
2021-04-20,0.0
2021-04-21,0.0
2021-04-22,0.0
2021-04-23,0.0
2021-04-24,0.0
2021-04-25,0.0
2021-04-26,0.0
2021-04-27,0.0
2021-04-28,0.0
2021-04-29,0.0
2021-04-30,0.0
2021-05-01,0.0
2021-05-02,0.0
2021-05-03,0.0
2021-05-04,0.0
2021-05-05,0.0
2021-05-06,0.0
2021-05-07,0.0
2021-05-08,0.0
2021-05-09,0.0
2021-05-10,0.0
2021-05-11,0.0
2021-05-12,0.0
2021-05-13,0.0
2021-05-14,0.0
2021-05-15,0.0
2021-05-16,0.0
2021-05-17,0.0
2021-05-18,0.0
2021-05-19,0.0
2021-05-20,0.0
2021-05-21,0.0
2021-05-22,0.0
2021-05-23,0.0
2021-05-24,0.0
2021-05-25,0.0
2021-05-26,0.0
2021-05-27,0.0
2021-05-28,0.0
2021-05-29,0.0
2021-05-30,0.0
2021-05-31,0.0
2021-06-01,0.0
2021-06-02,0.0
2021-06-03,0.0
2021-06-04,0.0
2021-06-05,0.0
2021-06-06,0.0
2021-06-07,0.0
2021-06-08,0.0
2021-06-09,0.0
2021-06-10,0.0
2021-06-11,0.0
2021-06-12,0.0
2021-06-13,0.0
2021-06-14,0.0
2021-06-15,0.0
2021-06-16,0.0
2021-06-17,0.0
2021-06-18,0.0
2021-06-19,0.0
2021-06-20,0.0
2021-06-21,0.0
2021-06-22,0.0
2021-06-23,0.0
2021-06-24,0.0
2021-06-25,0.0
2021-06-26,0.0
2021-06-27,0.0
2021-06-28,0.0
2021-06-29,0.0
2021-06-30,0.0
2021-07-01,0.0
2021-07-02,0.0
2021-07-03,0.0
2021-07-04,0.0
2021-07-05,0.0
2021-07-06,0.0
2021-07-07,0.0
2021-07-08,0.0
2021-07-09,0.0
2021-07-10,0.0
2021-07-11,0.0
2021-07-12,0.0
2021-07-13,0.0
2021-07-14,0.0
2021-07-15,0.0
2021-07-16,0.0
2021-07-17,0.0
2021-07-18,0.0
2021-07-19,0.0
2021-07-20,0.0
2021-07-21,0.0
2021-07-22,0.0
2021-07-23,0.0
2021-07-24,0.09999999999999644
2021-07-25,0.0
2021-07-26,0.0
2021-07-27,0.0
2021-07-28,0.0
2021-07-29,0.0
2021-07-30,0.0
2021-07-31,0.0
2021-08-01,0.0
2021-08-02,0.0
2021-08-03,0.0
2021-08-04,0.0
2021-08-05,0.0
2021-08-06,0.0
2021-08-07,0.0
2021-08-08,0.0
2021-08-09,0.0
2021-08-10,0.0
2021-08-11,0.0
2021-08-12,0.0
2021-08-13,0.0
2021-08-14,0.0
2021-08-15,0.0
2021-08-16,0.0
2021-08-17,0.0
2021-08-18,0.0
2021-08-19,0.0
2021-08-20,0.0
2021-08-21,0.0
2021-08-22,0.0
2021-08-23,0.0
2021-08-24,0.0
2021-08-25,0.0
2021-08-26,0.0
2021-08-27,0.0
2021-08-28,0.0
2021-08-29,0.0
2021-08-30,0.0
2021-08-31,0.0
2021-09-01,0.0
2021-09-02,0.0
2021-09-03,0.0
2021-09-04,0.0
2021-09-05,0.0
2021-09-06,0.0
2021-09-07,0.0
2021-09-08,0.0
2021-09-09,0.0
2021-09-10,0.0
2021-09-11,0.0
2021-09-12,0.0
2021-09-13,0.0
2021-09-14,0.0
2021-09-15,0.0
2021-09-16,0.0
2021-09-17,0.0
2021-09-18,0.0
2021-09-19,0.0
2021-09-20,0.0
2021-09-21,0.0
2021-09-22,0.0
2021-09-23,0.5666666666666631
2021-09-24,0.0
2021-09-25,0.0
2021-09-26,0.0
2021-09-27,0.0
2021-09-28,0.0
2021-09-29,0.0
2021-09-30,0.0
2021-10-01,0.0
2021-10-02,0.0
2021-10-03,0.0
2021-10-04,0.0
2021-10-05,0.0
2021-10-06,0.0
2021-10-07,0.0
2021-10-08,0.0
2021-10-09,0.0
2021-10-10,0.0
2021-10-11,0.0
2021-10-12,0.033333333333329725
2021-10-13,0.033333333333329725
2021-10-14,0.0
2021-10-15,0.13333333333332972
2021-10-16,0.0
2021-10-17,0.0
2021-10-18,0.0
2021-10-19,0.0
2021-10-20,0.0
2021-10-21,0.0
2021-10-22,0.0
2021-10-23,0.0
2021-10-24,0.0
2021-10-25,0.0
2021-10-26,0.0
2021-10-27,0.0
2021-10-28,0.0
2021-10-29,0.0
2021-10-30,0.0
2021-10-31,0.866666666666663
2021-11-01,0.8333333333333297
2021-11-02,0.0
2021-11-03,0.0
2021-11-04,0.0
2021-11-05,0.0
2021-11-06,0.0
2021-11-07,0.0
2021-11-08,0.0
2021-11-09,0.0
2021-11-10,0.0
2021-11-11,0.0
2021-11-12,0.0
2021-11-13,0.0
2021-11-14,0.0
2021-11-15,0.0
2021-11-16,0.0
2021-11-17,0.0
2021-11-18,0.0
2021-11-19,2.1999999999999966
2021-11-20,5.53333333333333
2021-11-21,0.5666666666666629
2021-11-22,0.0
2021-11-23,0.0
2021-11-24,0.0
2021-11-25,0.0
2021-11-26,0.0
2021-11-27,0.0
2021-11-28,0.0
2021-11-29,0.0
2021-11-30,0.0
2021-12-01,0.5666666666666629
2021-12-02,0.0
2021-12-03,0.0
2021-12-04,0.0
2021-12-05,0.5666666666666629
2021-12-06,0.06666666666666284
2021-12-07,0.0
2021-12-08,1.4333333333333296
2021-12-09,1.8333333333333295
2021-12-10,0.033333333333329336
2021-12-11,0.0
2021-12-12,0.0
2021-12-13,0.0
2021-12-14,1.9333333333333296
2021-12-15,0.799999999999996
2021-12-16,0.0
2021-12-17,2.2999999999999963
2021-12-18,2.166666666666663
2021-12-19,0.0
2021-12-20,6.633333333333329
2021-12-21,3.133333333333329
2021-12-22,1.6333333333333295
2021-12-23,0.5333333333333293
2021-12-24,0.43333333333332935
2021-12-25,0.06666666666666267
2021-12-26,0.0
2021-12-27,0.0
2021-12-28,0.0
2021-12-29,0.0
2021-12-30,0.0
2021-12-31,0.0
2022-01-01,3.999999999999996
2022-01-02,0.3333333333333293
2022-01-03,0.26666666666666267
2022-01-04,0.03333333333332932
2022-01-05,0.26666666666666267
2022-01-06,0.0
2022-01-07,0.0
2022-01-08,0.0
2022-01-09,0.0
2022-01-10,0.0
2022-01-11,0.0
2022-01-12,0.0
2022-01-13,3.8666666666666627
2022-01-14,3.199999999999996
2022-01-15,1.9999999999999958
2022-01-16,2.3666666666666627
2022-01-17,0.0
2022-01-18,0.0
2022-01-19,4.766666666666663
2022-01-20,0.06666666666666242
2022-01-21,0.0
2022-01-22,0.0
2022-01-23,5.533333333333329
2022-01-24,1.4999999999999958
2022-01-25,0.033333333333329336
2022-01-26,4.8333333333333295
2022-01-27,2.3666666666666627
2022-01-28,2.7999999999999963
2022-01-29,2.2333333333333294
2022-01-30,0.0
2022-01-31,0.9666666666666626
2022-02-01,1.7333333333333292
2022-02-02,0.033333333333329336
2022-02-03,0.8666666666666627
2022-02-04,4.699999999999997
2022-02-05,1.5333333333333292
2022-02-06,1.299999999999996
2022-02-07,1.1333333333333293
2022-02-08,0.0
2022-02-09,0.6333333333333293
2022-02-10,3.6333333333333293
2022-02-11,0.03333333333332931
2022-02-12,0.0
2022-02-13,0.0
2022-02-14,0.0
2022-02-15,0.0
2022-02-16,0.0
2022-02-17,0.0
2022-02-18,0.0
2022-02-19,0.03333333333332931
2022-02-20,0.0
2022-02-21,0.0
2022-02-22,0.0
2022-02-23,0.0
2022-02-24,3.3999999999999964
2022-02-25,5.299999999999996
2022-02-26,1.9333333333333291
2022-02-27,0.0
2022-02-28,0.0
2022-03-01,0.0
2022-03-02,0.0
2022-03-03,0.799999999999996
2022-03-04,0.5999999999999961
2022-03-05,0.0
2022-03-06,0.0
2022-03-07,0.0
2022-03-08,0.19999999999999613
2022-03-09,0.7333333333333294
2022-03-10,2.766666666666663
2022-03-11,2.066666666666663
2022-03-12,0.16666666666666266
2022-03-13,1.5333333333333292
2022-03-14,0.0
2022-03-15,0.5333333333333292
2022-03-16,0.03333333333332928
2022-03-17,0.299999999999996
2022-03-18,1.0333333333333292
2022-03-19,0.03333333333332928
2022-03-20,0.0
2022-03-21,0.03333333333332928
2022-03-22,0.0
2022-03-23,0.7333333333333294
2022-03-24,6.233333333333328
2022-03-25,3.666666666666662
2022-03-26,0.3333333333333285
2022-03-27,0.0
2022-03-28,0.0
2022-03-29,0.0
2022-03-30,0.0
2022-03-31,0.0
2022-04-01,0.0
2022-04-02,0.0
2022-04-03,0.0
2022-04-04,0.0
2022-04-05,0.0
2022-04-06,0.0
2022-04-07,0.0
2022-04-08,0.0
2022-04-09,0.0
2022-04-10,0.0
2022-04-11,0.0
2022-04-12,0.0
2022-04-13,0.0
2022-04-14,0.0
2022-04-15,0.0
2022-04-16,0.0
2022-04-17,0.0
2022-04-18,0.0
2022-04-19,0.0
2022-04-20,0.0
2022-04-21,0.0
2022-04-22,0.0
2022-04-23,0.0
2022-04-24,0.0
2022-04-25,0.0
2022-04-26,0.0
2022-04-27,0.0
2022-04-28,0.0
2022-04-29,0.0
2022-04-30,0.0
2022-05-01,0.0
2022-05-02,0.0
2022-05-03,0.0
2022-05-04,0.0
2022-05-05,0.0
2022-05-06,1.7499999999999951
2022-05-07,0.0
2022-05-08,0.0
2022-05-09,0.0
2022-05-10,0.0
2022-05-11,0.0
2022-05-12,0.0
2022-05-13,0.0
2022-05-14,0.0
2022-05-15,0.0
2022-05-16,0.0
2022-05-17,0.0
2022-05-18,0.0
2022-05-19,0.0
2022-05-20,0.0
2022-05-21,0.0
2022-05-22,0.0
2022-05-23,0.0
2022-05-24,0.0
2022-05-25,0.0
2022-05-26,0.0
2022-05-27,0.0
2022-05-28,0.0
2022-05-29,0.0
2022-05-30,0.0
2022-05-31,0.0
2022-06-01,0.0
2022-06-02,0.0
2022-06-03,0.0
2022-06-04,0.0
2022-06-05,0.0
2022-06-06,0.0
2022-06-07,0.0
2022-06-08,0.0
2022-06-09,0.0
2022-06-10,0.0
2022-06-11,0.0
2022-06-12,0.0
2022-06-13,0.0
2022-06-14,0.0
2022-06-15,0.0
2022-06-16,0.0
2022-06-17,0.0
2022-06-18,0.0
2022-06-19,0.0
2022-06-20,0.0
2022-06-21,0.0
2022-06-22,0.0
2022-06-23,0.0
2022-06-24,0.0
2022-06-25,0.0
2022-06-26,0.0
2022-06-27,0.0
2022-06-28,0.0
2022-06-29,0.0
2022-06-30,0.0
2022-07-01,0.0
2022-07-02,0.0
2022-07-03,0.0
2022-07-04,0.0
2022-07-05,0.0
2022-07-06,0.0
2022-07-07,0.0
2022-07-08,0.0
2022-07-09,0.0
2022-07-10,0.0
2022-07-11,0.0
2022-07-12,0.0
2022-07-13,0.0
2022-07-14,0.0
2022-07-15,0.0
2022-07-16,0.0
2022-07-17,0.0
2022-07-18,0.0
2022-07-19,0.0
2022-07-20,0.0
2022-07-21,0.0
2022-07-22,0.0
2022-07-23,0.0
2022-07-24,0.0
2022-07-25,0.0
2022-07-26,0.0
2022-07-27,0.0
2022-07-28,0.0
2022-07-29,0.0
2022-07-30,0.0
2022-07-31,0.0
2022-08-01,0.0
2022-08-02,0.0
2022-08-03,0.0
2022-08-04,0.0
2022-08-05,0.0
2022-08-06,0.0
2022-08-07,0.0
2022-08-08,0.0
2022-08-09,0.0
2022-08-10,0.0
2022-08-11,0.0
2022-08-12,0.0
2022-08-13,0.0
2022-08-14,0.0
2022-08-15,0.0
2022-08-16,0.0
2022-08-17,0.0
2022-08-18,0.0
2022-08-19,0.0
2022-08-20,0.0
2022-08-21,0.0
2022-08-22,0.0
2022-08-23,0.0
2022-08-24,0.0
2022-08-25,0.0
2022-08-26,0.0
2022-08-27,0.0
2022-08-28,0.0
2022-08-29,0.0
2022-08-30,0.0
2022-08-31,0.0
2022-09-01,0.0
2022-09-02,0.0
2022-09-03,0.0
2022-09-04,0.0
2022-09-05,0.0
2022-09-06,0.0
2022-09-07,0.0
2022-09-08,0.0
2022-09-09,0.0
2022-09-10,0.0
2022-09-11,0.0
2022-09-12,0.0
2022-09-13,0.0
2022-09-14,0.0
2022-09-15,0.0
2022-09-16,0.0
2022-09-17,0.0
2022-09-18,0.0
2022-09-19,0.0
2022-09-20,0.0
2022-09-21,0.0
2022-09-22,0.0
2022-09-23,0.0
2022-09-24,0.0
2022-09-25,0.0
2022-09-26,0.0
2022-09-27,0.0
2022-09-28,0.0
2022-09-29,0.0
2022-09-30,0.0
2022-10-01,0.0
2022-10-02,0.0
2022-10-03,0.0
2022-10-04,0.0
2022-10-05,0.0
2022-10-06,0.0
2022-10-07,0.0
2022-10-08,0.0
2022-10-09,0.0
2022-10-10,0.0
2022-10-11,0.0
2022-10-12,0.0
2022-10-13,0.0
2022-10-14,0.0
2022-10-15,0.0
2022-10-16,0.0
2022-10-17,0.0
2022-10-18,0.0
2022-10-19,0.0
2022-10-20,0.03333333333332834
2022-10-21,0.0
2022-10-22,0.0
2022-10-23,0.4666666666666617
2022-10-24,0.0
2022-10-25,0.0
2022-10-26,1.1999999999999953
2022-10-27,0.0
2022-10-28,0.0
2022-10-29,0.0
2022-10-30,0.0
2022-10-31,0.0
2022-11-01,2.2333333333333285
2022-11-02,1.0333333333333283
2022-11-03,0.03333333333332845
2022-11-04,0.0
2022-11-05,0.0
2022-11-06,0.0
2022-11-07,0.6666666666666617
2022-11-08,3.866666666666662
2022-11-09,6.133333333333328
2022-11-10,0.03333333333332845
2022-11-11,0.0
2022-11-12,0.0
2022-11-13,0.0
2022-11-14,3.833333333333328
2022-11-15,0.0
2022-11-16,1.5333333333333286
2022-11-17,4.533333333333329
2022-11-18,0.06666666666666178
2022-11-19,0.0
2022-11-20,0.0
2022-11-21,0.0
2022-11-22,0.0
2022-11-23,0.0
2022-11-24,0.03333333333332845
2022-11-25,10.366666666666662
2022-11-26,0.6666666666666622
2022-11-27,0.0
2022-11-28,0.0
2022-11-29,2.3666666666666623
2022-11-30,0.7333333333333288
2022-12-01,0.03333333333332889
2022-12-02,0.0
2022-12-03,0.0
2022-12-04,0.0
2022-12-05,0.0
2022-12-06,0.1333333333333289
2022-12-07,0.0
2022-12-08,0.0
2022-12-09,0.0
2022-12-10,0.0
2022-12-11,0.0
2022-12-12,0.0
2022-12-13,0.0
2022-12-14,0.16666666666666222
2022-12-15,0.46666666666666223
2022-12-16,0.0
2022-12-17,0.0
2022-12-18,0.0
2022-12-19,0.0
2022-12-20,0.0
2022-12-21,4.799999999999995
2022-12-22,0.03333333333332867
2022-12-23,0.0
2022-12-24,0.0
2022-12-25,2.399999999999995
2022-12-26,5.733333333333329
2022-12-27,0.0
2022-12-28,0.0
2022-12-29,0.0
2022-12-30,0.0
2022-12-31,0.0
2023-01-01,0.0
2023-01-02,0.0
2023-01-03,0.0
2023-01-04,0.33333333333332865
2023-01-05,0.03333333333332867
2023-01-06,1.4333333333333287
2023-01-07,1.3333333333333286
2023-01-08,0.033333333333328614
2023-01-09,0.0
2023-01-10,0.0
2023-01-11,0.0
2023-01-12,3.5333333333333288
2023-01-13,0.9333333333333286
2023-01-14,1.2999999999999952
2023-01-15,1.266666666666662
2023-01-16,0.0
2023-01-17,0.0
2023-01-18,0.0
2023-01-19,0.0
2023-01-20,0.0
2023-01-21,0.0
2023-01-22,0.0
2023-01-23,0.0
2023-01-24,0.0
2023-01-25,0.0
2023-01-26,0.0
2023-01-27,0.0
2023-01-28,0.0
2023-01-29,0.0
2023-01-30,1.2333333333333285
2023-01-31,6.366666666666662
2023-02-01,3.699999999999995
2023-02-02,1.333333333333328
2023-02-03,0.6999999999999946
2023-02-04,5.333333333333329
2023-02-05,1.1999999999999946
2023-02-06,5.199999999999995
2023-02-07,2.2666666666666613
2023-02-08,2.133333333333328
2023-02-09,0.0
2023-02-10,0.0
2023-02-11,0.0
2023-02-12,0.0
2023-02-13,0.0
2023-02-14,0.0
2023-02-15,0.0
2023-02-16,0.0
2023-02-17,0.0
2023-02-18,0.0
2023-02-19,0.0
2023-02-20,0.0
2023-02-21,0.0
2023-02-22,0.0
2023-02-23,0.0
2023-02-24,0.0
2023-02-25,0.0
2023-02-26,0.0
2023-02-27,0.0
2023-02-28,0.0
2023-03-01,0.0
2023-03-02,0.0
2023-03-03,0.0
2023-03-04,0.0
2023-03-05,0.0
2023-03-06,0.03333333333332778
2023-03-07,0.0
2023-03-08,0.0
2023-03-09,0.0
2023-03-10,0.0
2023-03-11,0.0
2023-03-12,0.0
2023-03-13,0.23333333333332779
2023-03-14,4.099999999999994
2023-03-15,6.533333333333328
2023-03-16,0.0
2023-03-17,0.0
2023-03-18,0.5999999999999946
2023-03-19,3.633333333333328
2023-03-20,4.433333333333327
2023-03-21,0.3666666666666611
2023-03-22,0.0
2023-03-23,0.0
2023-03-24,0.0
2023-03-25,2.9999999999999947
2023-03-26,0.033333333333327754
2023-03-27,0.0
2023-03-28,0.0
2023-03-29,0.0
2023-03-30,0.033333333333327754
2023-03-31,0.0
2023-04-01,0.0
2023-04-02,0.0
2023-04-03,0.0
2023-04-04,0.0
2023-04-05,0.0
2023-04-06,0.0
2023-04-07,0.0
2023-04-08,0.0
2023-04-09,0.0
2023-04-10,0.6666666666666611
2023-04-11,0.0
2023-04-12,3.966666666666661
2023-04-13,6.499999999999994
2023-04-14,0.0
2023-04-15,0.0
2023-04-16,0.0
2023-04-17,0.0
2023-04-18,0.09999999999999379
2023-04-19,0.0
2023-04-20,0.0
2023-04-21,0.0
2023-04-22,0.0
2023-04-23,0.0
2023-04-24,0.0
2023-04-25,0.0
2023-04-26,0.0
2023-04-27,0.0
2023-04-28,0.0
2023-04-29,1.9333333333333271
2023-04-30,0.0
2023-05-01,0.0
2023-05-02,0.0
2023-05-03,0.0
2023-05-04,0.0
2023-05-05,0.0
2023-05-06,0.0
2023-05-07,0.26666666666666045
2023-05-08,0.0
2023-05-09,0.0
2023-05-10,0.0
2023-05-11,0.0
2023-05-12,0.0
2023-05-13,0.0
2023-05-14,0.0
2023-05-15,0.0
2023-05-16,0.0
2023-05-17,0.0
2023-05-18,0.0
2023-05-19,0.0
2023-05-20,0.39999999999999375
2023-05-21,0.0
2023-05-22,0.0
2023-05-23,0.0
2023-05-24,0.0
2023-05-25,0.0
2023-05-26,0.0
2023-05-27,0.0
2023-05-28,0.0
2023-05-29,0.0
2023-05-30,0.0
2023-05-31,0.0
2023-06-01,0.0
2023-06-02,0.033333333333327116
2023-06-03,0.09999999999999377
2023-06-04,0.0
2023-06-05,0.0
2023-06-06,0.0
2023-06-07,0.0
2023-06-08,0.0
2023-06-09,0.7666666666666604
2023-06-10,0.3666666666666604
2023-06-11,0.0
2023-06-12,0.0
2023-06-13,0.0
2023-06-14,0.0
2023-06-15,0.0
2023-06-16,0.0
2023-06-17,0.0
2023-06-18,0.0
2023-06-19,0.0
2023-06-20,0.0
2023-06-21,0.0
2023-06-22,0.0
2023-06-23,0.0
2023-06-24,0.0
2023-06-25,0.0
2023-06-26,0.0
2023-06-27,0.0
2023-06-28,0.0
2023-06-29,0.0
2023-06-30,0.0
2023-07-01,0.0
2023-07-02,0.0
2023-07-03,0.0
2023-07-04,0.0
2023-07-05,0.0
2023-07-06,0.0
2023-07-07,0.0
2023-07-08,0.0
2023-07-09,0.0
2023-07-10,0.0
2023-07-11,0.0
2023-07-12,0.0
2023-07-13,0.0
2023-07-14,0.0
2023-07-15,0.0
2023-07-16,0.0
2023-07-17,0.0
2023-07-18,0.0
2023-07-19,0.0
2023-07-20,0.0
2023-07-21,0.0
2023-07-22,0.0
2023-07-23,0.0
2023-07-24,0.0
2023-07-25,0.0
2023-07-26,0.0
2023-07-27,0.0
2023-07-28,0.0
2023-07-29,0.0
2023-07-30,0.0
2023-07-31,0.0
2023-08-01,0.0
2023-08-02,0.0
2023-08-03,0.0
2023-08-04,0.0
2023-08-05,0.0
2023-08-06,0.0
2023-08-07,0.0
2023-08-08,0.0
2023-08-09,0.0
2023-08-10,0.0
2023-08-11,0.0
2023-08-12,0.0
2023-08-13,0.0
2023-08-14,0.0
2023-08-15,0.0
2023-08-16,0.0
2023-08-17,0.0
2023-08-18,0.0
2023-08-19,0.0
2023-08-20,0.0
2023-08-21,0.0
2023-08-22,0.0
2023-08-23,0.0
2023-08-24,0.0
2023-08-25,0.0
2023-08-26,0.0
2023-08-27,0.0
2023-08-28,0.0
2023-08-29,0.0
2023-08-30,0.0
2023-08-31,0.0
2023-09-01,0.0
2023-09-02,0.0
2023-09-03,0.0
2023-09-04,0.0
2023-09-05,0.0
2023-09-06,0.0
2023-09-07,0.0
2023-09-08,0.0
2023-09-09,0.0
2023-09-10,0.0
2023-09-11,0.0
2023-09-12,0.0
2023-09-13,0.0
2023-09-14,0.0
2023-09-15,0.0
2023-09-16,0.0
2023-09-17,0.0
2023-09-18,0.0
2023-09-19,0.0
2023-09-20,0.0
2023-09-21,0.0
2023-09-22,0.0
2023-09-23,0.0
2023-09-24,0.0
2023-09-25,0.0
2023-09-26,0.0
2023-09-27,0.0
2023-09-28,0.0
2023-09-29,0.0
2023-09-30,0.0
2023-10-01,0.0
2023-10-02,0.0
2023-10-03,0.0
2023-10-04,0.0
2023-10-05,0.0
2023-10-06,0.0
2023-10-07,0.0
2023-10-08,0.0
2023-10-09,0.0
2023-10-10,0.16666666666666047
2023-10-11,0.0
2023-10-12,0.0
2023-10-13,0.0
2023-10-14,0.0
2023-10-15,8.16666666666666
2023-10-16,1.2999999999999938
2023-10-17,0.0
2023-10-18,0.0
2023-10-19,1.2666666666666606
2023-10-20,0.0
2023-10-21,0.0
2023-10-22,0.0
2023-10-23,0.0
2023-10-24,0.0
2023-10-25,0.0
2023-10-26,0.0
2023-10-27,0.0
2023-10-28,0.0
2023-10-29,0.0
2023-10-30,0.0
2023-10-31,0.0
2023-11-01,0.29999999999999377
2023-11-02,0.0
2023-11-03,0.0
2023-11-04,0.0
2023-11-05,0.0
2023-11-06,0.0
2023-11-07,0.0
2023-11-08,0.0
2023-11-09,0.0
2023-11-10,0.0
2023-11-11,0.0
2023-11-12,0.9666666666666603
2023-11-13,0.13333333333332706
2023-11-14,3.9333333333333274
2023-11-15,0.03333333333332723
2023-11-16,0.0
2023-11-17,0.0
2023-11-18,0.0
2023-11-19,16.966666666666658
2023-11-20,1.8666666666666605
2023-11-21,0.0
2023-11-22,0.0
2023-11-23,0.0
2023-11-24,0.0
2023-11-25,0.0
2023-11-26,0.0
2023-11-27,1.5999999999999936
2023-11-28,0.033333333333326894
2023-11-29,0.0
2023-11-30,0.0
2023-12-01,0.0
2023-12-02,0.0
2023-12-03,0.0
2023-12-04,0.0
2023-12-05,2.099999999999994
2023-12-06,2.26666666666666
2023-12-07,1.56666666666666
2023-12-08,0.0
2023-12-09,1.3333333333333268
2023-12-10,0.03333333333332667
2023-12-11,0.0
2023-12-12,0.33333333333332665
2023-12-13,3.4999999999999933
2023-12-14,0.03333333333332656
2023-12-15,0.0
2023-12-16,0.0
2023-12-17,0.0
2023-12-18,0.0
2023-12-19,0.0
2023-12-20,0.0
2023-12-21,0.0
2023-12-22,8.299999999999994
2023-12-23,10.033333333333326
2023-12-24,0.16666666666666088
2023-12-25,0.0
2023-12-26,0.0
2023-12-27,0.16666666666666088
2023-12-28,0.0
2023-12-29,0.0
2023-12-30,0.0
2023-12-31,0.0
2024-01-01,0.0
2024-01-02,0.0
2024-01-03,0.33333333333332754
2024-01-04,0.0
2024-01-05,0.23333333333332756
2024-01-06,0.0
2024-01-07,0.0
2024-01-08,0.0
2024-01-09,0.0
2024-01-10,1.7499999999999942
2024-01-11,1.699999999999994
2024-01-12,2.8499999999999943
2024-01-13,8.849999999999994
2024-01-14,3.549999999999994
2024-01-15,2.4999999999999942
2024-01-16,0.0
2024-01-17,0.0
2024-01-18,0.0
2024-01-19,0.0
2024-01-20,0.0
2024-01-21,0.0
2024-01-22,0.0
2024-01-23,3.4666666666666606
2024-01-24,0.7999999999999936
2024-01-25,0.5999999999999935
2024-01-26,5.4333333333333265
2024-01-27,2.3999999999999937
2024-01-28,3.3666666666666605
2024-01-29,1.9333333333333265
2024-01-30,3.7666666666666604
2024-01-31,2.7666666666666604
2024-02-01,3.3333333333333273
2024-02-02,1.5999999999999936
2024-02-03,2.733333333333327
2024-02-04,3.999999999999994
2024-02-05,4.666666666666661
2024-02-06,0.06666666666666045
2024-02-07,0.0
2024-02-08,0.0
2024-02-09,0.0
2024-02-10,0.0
2024-02-11,0.0
2024-02-12,0.0
2024-02-13,0.0
2024-02-14,2.8999999999999937
2024-02-15,6.799999999999994
2024-02-16,7.166666666666661
2024-02-17,3.4666666666666606
2024-02-18,3.6333333333333266
2024-02-19,1.8999999999999937
2024-02-20,0.033333333333326894
2024-02-21,0.0
2024-02-22,0.0
2024-02-23,0.0
2024-02-24,1.1999999999999937
2024-02-25,0.0
2024-02-26,0.0
2024-02-27,0.0
2024-02-28,0.0
2024-02-29,0.0
2024-03-01,0.0
2024-03-02,0.0
2024-03-03,1.0666666666666602
2024-03-04,2.1666666666666603
2024-03-05,0.0
2024-03-06,0.06666666666666023
2024-03-07,0.09999999999999357
2024-03-08,0.0
2024-03-09,2.26666666666666
2024-03-10,0.0
2024-03-11,0.0
2024-03-12,0.0
2024-03-13,0.0
2024-03-14,0.0
2024-03-15,0.09999999999999357
2024-03-16,0.0
2024-03-17,0.0
2024-03-18,0.16666666666666022
2024-03-19,4.233333333333327
2024-03-20,6.399999999999993
2024-03-21,0.0
2024-03-22,0.03333333333332667
2024-03-23,0.0
2024-03-24,0.03333333333332667
2024-03-25,0.13333333333332667
2024-03-26,0.0
2024-03-27,0.0
2024-03-28,0.0
2024-03-29,0.0
2024-03-30,0.0
2024-03-31,0.0
2024-04-01,0.0
2024-04-02,0.0
2024-04-03,0.0
2024-04-04,0.0
2024-04-05,0.0
2024-04-06,0.0
2024-04-07,0.0
2024-04-08,2.6333333333333266
2024-04-09,2.333333333333327
2024-04-10,4.899999999999993
2024-04-11,0.03333333333332667
2024-04-12,0.0
2024-04-13,0.0
2024-04-14,0.0
2024-04-15,0.0
2024-04-16,0.0
2024-04-17,0.0
2024-04-18,0.0
2024-04-19,0.0
2024-04-20,0.0
2024-04-21,0.0
2024-04-22,0.0
2024-04-23,0.0
2024-04-24,0.0
2024-04-25,0.0
2024-04-26,0.0
2024-04-27,0.0
2024-04-28,0.6999999999999934
2024-04-29,0.0
2024-04-30,1.56666666666666
2024-05-01,0.0
2024-05-02,0.0
2024-05-03,0.0
2024-05-04,0.0
2024-05-05,0.16666666666666
2024-05-06,1.96666666666666
2024-05-07,0.03333333333332667
2024-05-08,0.0
2024-05-09,0.0
2024-05-10,0.0
2024-05-11,0.0
2024-05-12,0.0
2024-05-13,1.8333333333333268
2024-05-14,0.19999999999999332
2024-05-15,0.0
2024-05-16,0.0
2024-05-17,0.0
2024-05-18,0.0
2024-05-19,0.0
2024-05-20,0.0
2024-05-21,0.0
2024-05-22,0.0
2024-05-23,0.0
2024-05-24,0.0
2024-05-25,0.03333333333332667
2024-05-26,0.0
2024-05-27,0.0
2024-05-28,0.0
2024-05-29,0.0
2024-05-30,0.0
2024-05-31,0.0
2024-06-01,0.0
2024-06-02,0.0
2024-06-03,0.0
2024-06-04,0.0
2024-06-05,0.0
2024-06-06,0.0
2024-06-07,0.0
2024-06-08,0.0
2024-06-09,0.0
2024-06-10,0.0
2024-06-11,0.0
2024-06-12,0.0
2024-06-13,0.0
2024-06-14,0.0
2024-06-15,0.0
2024-06-16,0.0
2024-06-17,0.0
2024-06-18,0.0
2024-06-19,0.0
2024-06-20,0.0
2024-06-21,0.0
2024-06-22,0.0
2024-06-23,0.0
2024-06-24,0.0
2024-06-25,0.0
2024-06-26,0.0
2024-06-27,0.0
2024-06-28,0.0
2024-06-29,0.0
2024-06-30,0.0
2024-07-01,0.0
2024-07-02,0.0
2024-07-03,0.0
2024-07-04,0.0
2024-07-05,0.0
2024-07-06,0.0
2024-07-07,0.0
2024-07-08,0.0
2024-07-09,0.0
2024-07-10,0.0
2024-07-11,0.0
2024-07-12,0.0
2024-07-13,0.0
2024-07-14,0.0
2024-07-15,0.0
2024-07-16,0.0
2024-07-17,0.0
2024-07-18,0.0
2024-07-19,0.0
2024-07-20,0.0
2024-07-21,0.0
2024-07-22,0.0
2024-07-23,0.0
2024-07-24,0.0
2024-07-25,0.0
2024-07-26,0.0
2024-07-27,0.0
2024-07-28,0.0
2024-07-29,0.0
2024-07-30,0.0
2024-07-31,0.0
2024-08-01,0.0
2024-08-02,0.0
2024-08-03,0.0
2024-08-04,0.0
2024-08-05,0.0
2024-08-06,0.0
2024-08-07,0.0
2024-08-08,0.0
2024-08-09,0.0
2024-08-10,0.0
2024-08-11,0.0
2024-08-12,0.0
2024-08-13,0.0
2024-08-14,0.0
2024-08-15,0.0
2024-08-16,0.0
2024-08-17,0.0
2024-08-18,0.0
2024-08-19,0.0
2024-08-20,0.0
2024-08-21,0.0
2024-08-22,0.0
2024-08-23,0.0
2024-08-24,0.0
2024-08-25,0.0
2024-08-26,0.0
2024-08-27,0.0
2024-08-28,0.0
2024-08-29,0.0
2024-08-30,0.0
2024-08-31,0.0
2024-09-01,0.0
2024-09-02,0.0
2024-09-03,0.0
2024-09-04,0.0
2024-09-05,0.0
2024-09-06,0.0
2024-09-07,0.0
2024-09-08,0.0
2024-09-09,0.0
2024-09-10,0.0
2024-09-11,0.0
2024-09-12,0.0
2024-09-13,0.0
2024-09-14,0.0
2024-09-15,0.0
2024-09-16,0.0
2024-09-17,0.0
2024-09-18,0.0
2024-09-19,0.0
2024-09-20,0.0
2024-09-21,0.0
2024-09-22,0.27499999999999336
2024-09-23,0.8749999999999933
2024-09-24,0.0
2024-09-25,0.0
2024-09-26,0.0
2024-09-27,0.0
2024-09-28,0.0
2024-09-29,0.0
2024-09-30,0.0
2024-10-01,0.12499999999999334
2024-10-02,0.0
2024-10-03,0.0
2024-10-04,0.0
2024-10-05,0.0
2024-10-06,0.0
2024-10-07,0.0
2024-10-08,0.0
2024-10-09,0.0
2024-10-10,0.0
2024-10-11,0.0
2024-10-12,0.0
2024-10-13,0.0
2024-10-14,0.0
2024-10-15,0.0
2024-10-16,0.0
2024-10-17,0.0
2024-10-18,0.0
2024-10-19,0.0
2024-10-20,0.0
2024-10-21,0.0
2024-10-22,0.0
2024-10-23,0.0
2024-10-24,0.0
2024-10-25,0.0
2024-10-26,0.0
2024-10-27,0.0
2024-10-28,0.0
2024-10-29,0.0
2024-10-30,0.0
2024-10-31,0.0
2024-11-01,2.125
2024-11-02,0.0
2024-11-03,0.75
2024-11-04,0.875
2024-11-05,0.0
2024-11-06,0.0
2024-11-07,0.0
2024-11-08,0.0
2024-11-09,0.0
2024-11-10,0.0
2024-11-11,0.0
2024-11-12,0.0
2024-11-13,0.0
2024-11-14,0.0
2024-11-15,0.0
2024-11-16,0.0
2024-11-17,0.0
2024-11-18,3.375
2024-11-19,2.6250000000000004
2024-11-20,0.3
2024-11-21,0.025
2024-11-22,0.0
2024-11-23,0.0
2024-11-24,0.175
2024-11-25,0.2
2024-11-26,0.65
2024-11-27,0.125
2024-11-28,0.0
2024-11-29,0.0
2024-11-30,0.0
2024-12-01,0.0
2024-12-02,0.0
2024-12-03,0.0
2024-12-04,0.0
2024-12-05,1.0250000000000001
2024-12-06,0.0
2024-12-07,0.0
2024-12-08,0.0
2024-12-09,0.0
2024-12-10,0.0
2024-12-11,0.0
2024-12-12,0.0
2024-12-13,0.0
2024-12-14,0.0
2024-12-15,0.0
2024-12-16,0.0
2024-12-17,0.0
2024-12-18,0.0
2024-12-19,0.0
2024-12-20,0.6
2024-12-21,0.05
2024-12-22,3.6500000000000004
2024-12-23,2.8499999999999996
2024-12-24,0.22500000000000003
2024-12-25,0.0
2024-12-26,0.4
2024-12-27,4.825000000000001
2024-12-28,7.875
2024-12-29,5.175000000000001
2024-12-30,4.800000000000001
2024-12-31,6.325
2025-01-01,0.07500000000000001
2025-01-02,0.0
2025-01-03,0.0
2025-01-04,0.0
2025-01-05,0.0
2025-01-06,0.0
2025-01-07,0.0
2025-01-08,0.0
2025-01-09,0.0
2025-01-10,1.325
2025-01-11,2.35
2025-01-12,0.0
2025-01-13,0.0
2025-01-14,0.0
2025-01-15,0.0
2025-01-16,0.0
2025-01-17,0.0
2025-01-18,0.0
2025-01-19,0.0
2025-01-20,0.0
2025-01-21,0.0
2025-01-22,0.0
2025-01-23,0.4750000000000001
2025-01-24,0.025000000000000112
2025-01-25,0.0
2025-01-26,0.0
2025-01-27,0.0
2025-01-28,0.0
2025-01-29,0.0
2025-01-30,0.0
2025-01-31,0.6500000000000001
2025-02-01,0.050000000000000114
2025-02-02,0.0
2025-02-03,0.0
2025-02-04,0.0
2025-02-05,2.225
2025-02-06,1.5500000000000003
2025-02-07,0.050000000000000225
2025-02-08,0.0
2025-02-09,0.050000000000000225
2025-02-10,1.2750000000000004
2025-02-11,0.17500000000000027
2025-02-12,3.05
2025-02-13,0.8250000000000002
2025-02-14,0.025000000000000237
2025-02-15,0.0
2025-02-16,0.0
2025-02-17,0.0
2025-02-18,0.0
2025-02-19,0.0
2025-02-20,1.8000000000000003
2025-02-21,0.5000000000000002
2025-02-22,0.0
2025-02-23,0.0
2025-02-24,0.025000000000000223
2025-02-25,0.0
2025-02-26,0.0
2025-02-27,0.0
2025-02-28,0.0
2025-03-01,0.07500000000000023
2025-03-02,0.0
2025-03-03,0.0
2025-03-04,0.0
2025-03-05,0.0
2025-03-06,0.0
2025-03-07,0.7500000000000002
2025-03-08,0.0
2025-03-09,0.0
2025-03-10,0.0
2025-03-11,0.0
2025-03-12,0.0
2025-03-13,0.0
2025-03-14,0.0
2025-03-15,0.0
2025-03-16,0.0
2025-03-17,0.0
2025-03-18,0.025000000000000223
2025-03-19,1.2750000000000004
2025-03-20,0.7250000000000002
2025-03-21,1.8250000000000004
2025-03-22,0.025000000000000223
2025-03-23,0.0
2025-03-24,0.0
2025-03-25,0.0
2025-03-26,0.0
2025-03-27,0.0
2025-03-28,0.0
2025-03-29,0.025000000000000223
2025-03-30,0.0
2025-03-31,0.0
2025-04-01,0.0
2025-04-02,0.0
2025-04-03,0.0
2025-04-04,0.0
2025-04-05,0.0
2025-04-06,0.0
2025-04-07,0.0
2025-04-08,0.0
2025-04-09,0.0
2025-04-10,0.0
2025-04-11,0.0
2025-04-12,1.5500000000000003
2025-04-13,0.0
2025-04-14,0.5000000000000002
2025-04-15,0.025000000000000223
2025-04-16,0.0
2025-04-17,0.0
2025-04-18,0.0
2025-04-19,0.0
2025-04-20,0.0
2025-04-21,0.0
2025-04-22,0.0
2025-04-23,0.0
2025-04-24,0.0
2025-04-25,0.0
2025-04-26,0.0
2025-04-27,0.0
2025-04-28,0.0
2025-04-29,0.0
2025-04-30,0.0
2025-05-01,0.0
2025-05-02,0.0
2025-05-03,0.0
2025-05-04,0.0
2025-05-05,0.5250000000000002
2025-05-06,0.0
2025-05-07,0.0
2025-05-08,0.0
2025-05-09,0.0
2025-05-10,0.0
2025-05-11,0.0
2025-05-12,0.0
2025-05-13,0.025000000000000223
2025-05-14,0.0
2025-05-15,0.0
2025-05-16,0.0
2025-05-17,0.0
2025-05-18,0.0
2025-05-19,0.0
2025-05-20,0.0
2025-05-21,0.0
2025-05-22,0.0
2025-05-23,0.0
2025-05-24,0.0
2025-05-25,0.0
2025-05-26,0.0
2025-05-27,0.0
2025-05-28,0.0
2025-05-29,0.0
2025-05-30,0.0
2025-05-31,0.0
2025-06-01,0.0
2025-06-02,0.0
2025-06-03,0.0
2025-06-04,0.0
2025-06-05,0.0
2025-06-06,0.0
2025-06-07,0.0
2025-06-08,0.0
2025-06-09,0.0
2025-06-10,0.0
2025-06-11,0.0
2025-06-12,0.0
2025-06-13,0.0
2025-06-14,0.0
2025-06-15,0.0
2025-06-16,0.0
2025-06-17,0.0
2025-06-18,0.0
2025-06-19,0.0
2025-06-20,0.0
2025-06-21,0.0
2025-06-22,0.0
2025-06-23,0.0
2025-06-24,0.0
2025-06-25,0.0
2025-06-26,0.0
2025-06-27,0.0
2025-06-28,0.0
2025-06-29,0.0
2025-06-30,0.0
2025-07-01,0.0
2025-07-02,0.0
2025-07-03,0.0
2025-07-04,0.0
2025-07-05,0.0
2025-07-06,0.0
2025-07-07,0.0
2025-07-08,0.0
2025-07-09,0.0
2025-07-10,0.0
2025-07-11,0.0
2025-07-12,0.0
2025-07-13,0.0
2025-07-14,0.0
2025-07-15,0.0
2025-07-16,0.0
2025-07-17,0.0
2025-07-18,0.0
2025-07-19,0.0
2025-07-20,0.0
2025-07-21,0.0
2025-07-22,0.0
2025-07-23,0.0
2025-07-24,0.0
2025-07-25,0.0
2025-07-26,0.0
2025-07-27,0.0
2025-07-28,0.0
2025-07-29,0.0
2025-07-30,0.0
2025-07-31,0.0
2025-08-01,0.0
2025-08-02,0.0
2025-08-03,0.0
2025-08-04,0.0
2025-08-05,0.0
2025-08-06,0.0
2025-08-07,0.0
2025-08-08,0.0
2025-08-09,0.0
2025-08-10,0.0
2025-08-11,0.0
2025-08-12,0.0
2025-08-13,0.0
2025-08-14,0.0
2025-08-15,0.0
2025-08-16,0.0
2025-08-17,0.0
2025-08-18,0.0
2025-08-19,0.0
2025-08-20,0.0
2025-08-21,0.0
2025-08-22,0.0
2025-08-23,0.0
2025-08-24,0.0
2025-08-25,0.0
2025-08-26,0.0
2025-08-27,0.0
2025-08-28,0.0
2025-08-29,0.0
2025-08-30,0.0
2025-08-31,0.0
2025-09-01,0.0
2025-09-02,0.0
2025-09-03,0.0
2025-09-04,0.0
2025-09-05,0.0
2025-09-06,0.0
2025-09-07,0.0
2025-09-08,0.0
2025-09-09,0.0
2025-09-10,0.0
2025-09-11,0.0
2025-09-12,0.0
2025-09-13,0.0
2025-09-14,0.0
2025-09-15,0.0
2025-09-16,0.0
2025-09-17,0.0
2025-09-18,0.0
2025-09-19,0.0
2025-09-20,0.0
2025-09-21,0.0
2025-09-22,0.0
2025-09-23,0.0
2025-09-24,0.0
2025-09-25,0.0
2025-09-26,0.0
2025-09-27,0.0
2025-09-28,0.0
2025-09-29,0.0
2025-09-30,0.0
2025-10-01,0.0
2025-10-02,0.0
2025-10-03,0.0
2025-10-04,0.0
2025-10-05,0.0
2025-10-06,0.0
2025-10-07,0.0
2025-10-08,0.0
2025-10-09,0.0
2025-10-10,0.0
2025-10-11,0.0
2025-10-12,0.0
2025-10-13,0.0
2025-10-14,0.0
2025-10-15,0.0
2025-10-16,0.0
2025-10-17,0.0
2025-10-18,0.0
2025-10-19,0.0
2025-10-20,0.0
2025-10-21,0.0
2025-10-22,0.0
2025-10-23,0.0
2025-10-24,0.0
2025-10-25,0.0
2025-10-26,0.0
2025-10-27,0.0
2025-10-28,0.0
2025-10-29,0.0
2025-10-30,0.0
2025-10-31,0.0
2025-11-01,0.0
2025-11-02,0.0
2025-11-03,0.0
2025-11-04,0.0
2025-11-05,0.0
2025-11-06,0.0
2025-11-07,0.0
2025-11-08,0.0
2025-11-09,0.0
2025-11-10,0.0
2025-11-11,0.0
2025-11-12,0.0
2025-11-13,0.0
2025-11-14,0.0
2025-11-15,0.0
2025-11-16,0.0
2025-11-17,0.0
2025-11-18,0.0
2025-11-19,0.0
2025-11-20,0.0
2025-11-21,0.0
2025-11-22,0.0
2025-11-23,0.0
2025-11-24,0.0
2025-11-25,0.0
2025-11-26,0.0
2025-11-27,0.0
2025-11-28,0.0
2025-11-29,0.0
2025-11-30,0.0
2025-12-01,1.3000000000000003
2025-12-02,0.025000000000000223
2025-12-03,0.0
2025-12-04,0.0
2025-12-05,0.0
2025-12-06,4.750000000000001
2025-12-07,0.05000000000000045
2025-12-08,0.0
2025-12-09,2.0000000000000004
2025-12-10,2.9250000000000003
2025-12-11,4.175000000000001
2025-12-12,1.4500000000000002
2025-12-13,0.0
2025-12-14,0.025000000000000445
2025-12-15,3.4000000000000004
2025-12-16,2.5250000000000004
2025-12-17,0.37500000000000044
2025-12-18,0.0
2025-12-19,0.0
2025-12-20,0.0
2025-12-21,0.0
2025-12-22,0.0
2025-12-23,0.0
2025-12-24,0.0
2025-12-25,0.0
2025-12-26,0.07500000000000044
2025-12-27,4.475
2025-12-28,1.3000000000000003
2025-12-29,9.5
2025-12-30,0.2000000000000004
2025-12-31,0.0
2026-01-01,5.675000000000001
2026-01-02,0.7750000000000002
2026-01-03,0.025000000000000223
2026-01-04,0.0
2026-01-05,0.0
2026-01-06,0.0
2026-01-07,0.0
2026-01-08,0.0
2026-01-09,1.4000000000000001
2026-01-10,0.10000000000000034
2026-01-11,0.0
2026-01-12,4.433333333333334
2026-01-13,8.466666666666667
2026-01-14,0.07500000000000001
2026-01-15,0.0
2026-01-16,0.0
2026-01-17,0.0
2026-01-18,4.5249999999999995
2026-01-19,0.025
2026-01-20,0.0
2026-01-21,0.0
2026-01-22,0.0
2026-01-23,0.025
2026-01-24,0.325
2026-01-25,0.0
2026-01-26,0.0
2026-01-27,0.0
2026-01-28,5.375
2026-01-29,1.125
2026-01-30,0.025000000000000112
2026-01-31,0.0
2026-02-01,0.0
2026-02-02,0.0
2026-02-03,3.6
2026-02-04,0.025000000000000223
2026-02-05,0.0
2026-02-06,0.0
2026-02-07,0.0
2026-02-08,0.0
2026-02-09,0.0
2026-02-10,0.0
2026-02-11,3.2750000000000004
2026-02-12,0.025
2026-02-13,0.07500000000000001
2026-02-14,3.0
2026-02-15,0.0
2026-02-16,0.0
2026-02-17,0.0
2026-02-18,0.15000000000000002
2026-02-19,0.425
2026-02-20,0.0
2026-02-21,0.0
2026-02-22,0.0
2026-02-23,0.225
2026-02-24,1.15
2026-02-25,0.0
2026-02-26,2.5250000000000004
2026-02-27,0.14999999999999997
2026-02-28,0.0
2026-03-01,0.0
2026-03-02,0.0
2026-03-03,0.0
2026-03-04,0.04999999999999996
2026-03-05,0.0
2026-03-06,0.0
2026-03-07,0.12499999999999997
2026-03-08,0.0
2026-03-09,0.0
2026-03-10,0.0
2026-03-11,0.0
2026-03-12,0.0
2026-03-13,0.02499999999999996
2026-03-14,0.6000000000000001
2026-03-15,2.425
2026-03-16,0.02500000000000003
2026-03-17,0.0
2026-03-18,0.05000000000000003
2026-03-19,6.75
2026-03-20,6.675000000000001
2026-03-21,5.0
2026-03-22,4.625
2026-03-23,0.0
2026-03-24,0.22500000000000067
2026-03-25,4.675000000000001
2026-03-26,2.150000000000001
2026-03-27,1.3500000000000008
2026-03-28,0.0
2026-03-29,4.65
2026-03-30,0.9500000000000007
2026-03-31,0.07500000000000068
2026-04-01,1.9250000000000007
2026-04-02,0.9000000000000008
2026-04-03,0.6750000000000007
2026-04-04,0.0
2026-04-05,2.6750000000000007
2026-04-06,0.17500000000000066
2026-04-07,8.100000000000001
2026-04-08,0.7750000000000005
2026-04-09,0.0
2026-04-10,0.0
2026-04-11,0.0
2026-04-12,0.17500000000000046
2026-04-13,0.12500000000000044
2026-04-14,0.0
2026-04-15,0.0
2026-04-16,0.0
2026-04-17,0.10000000000000045
2026-04-18,0.0
2026-04-19,0.10000000000000045
2026-04-20,0.0
2026-04-21,0.0
2026-04-22,0.0
2026-04-23,0.0
2026-04-24,0.0
2026-04-25,0.0
2026-04-26,
2026-04-27,
2026-04-28,
2026-04-29,
2026-04-30,
2026-05-01,
2026-05-02,
2026-05-03,
2026-05-04,
2026-05-05,
2026-05-06,
2026-05-07,
2026-05-08,
2026-05-09,
2026-05-10,
2026-05-11,
2026-05-12,
2026-05-13,
2026-05-14,
2026-05-15,
2026-05-16,
2026-05-17,
2026-05-18,
